"","column_label","HI","Q_interval","storm.ID","site.ID","storm.num","response"
"Interpolated HI for 2% discharge...1","1",0.474785918173179,2,"STRT_storm1a_06_19_NO3","STRT","storm1a","NO3"
"Interpolated HI for 4% discharge...2","1",0.448263558515712,4,"STRT_storm1a_06_19_NO3","STRT","storm1a","NO3"
"Interpolated HI for 6% discharge...3","1",0.966817316841122,6,"STRT_storm1a_06_19_NO3","STRT","storm1a","NO3"
"Interpolated HI for 8% discharge...4","1",0.965865842055201,8,"STRT_storm1a_06_19_NO3","STRT","storm1a","NO3"
"Interpolated HI for 10% discharge...5","1",0.94469552806853,10,"STRT_storm1a_06_19_NO3","STRT","storm1a","NO3"
"Interpolated HI for 12% discharge...6","1",0.961108468125615,12,"STRT_storm1a_06_19_NO3","STRT","storm1a","NO3"
"Interpolated HI for 14% discharge...7","1",0.961108468125615,14,"STRT_storm1a_06_19_NO3","STRT","storm1a","NO3"
"Interpolated HI for 16% discharge...8","1",0.96396289248336,16,"STRT_storm1a_06_19_NO3","STRT","storm1a","NO3"
"Interpolated HI for 18% discharge...9","1",0.960751665080888,18,"STRT_storm1a_06_19_NO3","STRT","storm1a","NO3"
"Interpolated HI for 20% discharge...10","1",0.960751665080888,20,"STRT_storm1a_06_19_NO3","STRT","storm1a","NO3"
"Interpolated HI for 22% discharge...11","1",0.963011417697455,22,"STRT_storm1a_06_19_NO3","STRT","storm1a","NO3"
"Interpolated HI for 24% discharge...12","1",0.969909609895351,24,"STRT_storm1a_06_19_NO3","STRT","storm1a","NO3"
"Interpolated HI for 26% discharge...13","1",0.969909609895351,26,"STRT_storm1a_06_19_NO3","STRT","storm1a","NO3"
"Interpolated HI for 28% discharge...14","1",0.961108468125615,28,"STRT_storm1a_06_19_NO3","STRT","storm1a","NO3"
"Interpolated HI for 30% discharge...15","1",0.968363463368236,30,"STRT_storm1a_06_19_NO3","STRT","storm1a","NO3"
"Interpolated HI for 32% discharge...16","1",0.960394862036178,32,"STRT_storm1a_06_19_NO3","STRT","storm1a","NO3"
"Interpolated HI for 34% discharge...17","1",0.960394862036178,34,"STRT_storm1a_06_19_NO3","STRT","storm1a","NO3"
"Interpolated HI for 36% discharge...18","1",0.957064700285465,36,"STRT_storm1a_06_19_NO3","STRT","storm1a","NO3"
"Interpolated HI for 38% discharge...19","1",0.944576593720289,38,"STRT_storm1a_06_19_NO3","STRT","storm1a","NO3"
"Interpolated HI for 40% discharge...20","1",0.95682683158898,40,"STRT_storm1a_06_19_NO3","STRT","storm1a","NO3"
"Interpolated HI for 42% discharge...21","1",0.942554709800205,42,"STRT_storm1a_06_19_NO3","STRT","storm1a","NO3"
"Interpolated HI for 44% discharge...22","1",0.952188392007636,44,"STRT_storm1a_06_19_NO3","STRT","storm1a","NO3"
"Interpolated HI for 46% discharge...23","1",0.910442435775473,46,"STRT_storm1a_06_19_NO3","STRT","storm1a","NO3"
"Interpolated HI for 48% discharge...24","1",0.910442435775473,48,"STRT_storm1a_06_19_NO3","STRT","storm1a","NO3"
"Interpolated HI for 50% discharge...25","1",0.89938154138917,50,"STRT_storm1a_06_19_NO3","STRT","storm1a","NO3"
"Interpolated HI for 52% discharge...26","1",0.862630827783077,52,"STRT_storm1a_06_19_NO3","STRT","storm1a","NO3"
"Interpolated HI for 54% discharge...27","1",0.862630827783077,54,"STRT_storm1a_06_19_NO3","STRT","storm1a","NO3"
"Interpolated HI for 56% discharge...28","1",0.862630827783077,56,"STRT_storm1a_06_19_NO3","STRT","storm1a","NO3"
"Interpolated HI for 58% discharge...29","1",0.855494766888698,58,"STRT_storm1a_06_19_NO3","STRT","storm1a","NO3"
"Interpolated HI for 60% discharge...30","1",0.849785918173191,60,"STRT_storm1a_06_19_NO3","STRT","storm1a","NO3"
"Interpolated HI for 62% discharge...31","1",0.849785918173191,62,"STRT_storm1a_06_19_NO3","STRT","storm1a","NO3"
"Interpolated HI for 64% discharge...32","1",0.830280685061861,64,"STRT_storm1a_06_19_NO3","STRT","storm1a","NO3"
"Interpolated HI for 66% discharge...33","1",0.78270694576595,66,"STRT_storm1a_06_19_NO3","STRT","storm1a","NO3"
"Interpolated HI for 68% discharge...34","1",0.800784966698407,68,"STRT_storm1a_06_19_NO3","STRT","storm1a","NO3"
"Interpolated HI for 70% discharge...35","1",0.786869647954358,70,"STRT_storm1a_06_19_NO3","STRT","storm1a","NO3"
"Interpolated HI for 72% discharge...36","1",0.785680304471953,72,"STRT_storm1a_06_19_NO3","STRT","storm1a","NO3"
"Interpolated HI for 74% discharge...37","1",0.80589914367272,74,"STRT_storm1a_06_19_NO3","STRT","storm1a","NO3"
"Interpolated HI for 76% discharge...38","1",0.774619410085665,76,"STRT_storm1a_06_19_NO3","STRT","storm1a","NO3"
"Interpolated HI for 78% discharge...39","1",0.774500475737423,78,"STRT_storm1a_06_19_NO3","STRT","storm1a","NO3"
"Interpolated HI for 80% discharge...40","1",0.794362511893464,80,"STRT_storm1a_06_19_NO3","STRT","storm1a","NO3"
"Interpolated HI for 82% discharge...41","1",0.752021883920089,82,"STRT_storm1a_06_19_NO3","STRT","storm1a","NO3"
"Interpolated HI for 84% discharge...42","1",0.735608943863007,84,"STRT_storm1a_06_19_NO3","STRT","storm1a","NO3"
"Interpolated HI for 86% discharge...43","1",0.727997145575658,86,"STRT_storm1a_06_19_NO3","STRT","storm1a","NO3"
"Interpolated HI for 88% discharge...44","1",0.525808753568046,88,"STRT_storm1a_06_19_NO3","STRT","storm1a","NO3"
"Interpolated HI for 90% discharge...45","1",0.656041864890605,90,"STRT_storm1a_06_19_NO3","STRT","storm1a","NO3"
"Interpolated HI for 92% discharge...46","1",0.494885823025703,92,"STRT_storm1a_06_19_NO3","STRT","storm1a","NO3"
"Interpolated HI for 94% discharge...47","1",0.470385347288303,94,"STRT_storm1a_06_19_NO3","STRT","storm1a","NO3"
"Interpolated HI for 96% discharge...48","1",0.391175071360628,96,"STRT_storm1a_06_19_NO3","STRT","storm1a","NO3"
"Interpolated HI for 98% discharge...49","1",0.371431969552813,98,"STRT_storm1a_06_19_NO3","STRT","storm1a","NO3"
"Interpolated HI for 100% discharge...50","1",0.511298763082787,100,"STRT_storm1a_06_19_NO3","STRT","storm1a","NO3"
"Interpolated HI for 2% discharge...51","2",0.36899843282519,2,"STRT_storm1b_06_20_NO3","STRT","storm1b","NO3"
"Interpolated HI for 4% discharge...52","2",0.86692073894667,4,"STRT_storm1b_06_20_NO3","STRT","storm1b","NO3"
"Interpolated HI for 6% discharge...53","2",0.877665384432731,6,"STRT_storm1b_06_20_NO3","STRT","storm1b","NO3"
"Interpolated HI for 8% discharge...54","2",0.87178847889063,8,"STRT_storm1b_06_20_NO3","STRT","storm1b","NO3"
"Interpolated HI for 10% discharge...55","2",0.845015909198845,10,"STRT_storm1b_06_20_NO3","STRT","storm1b","NO3"
"Interpolated HI for 12% discharge...56","2",0.826910291114593,12,"STRT_storm1b_06_20_NO3","STRT","storm1b","NO3"
"Interpolated HI for 14% discharge...57","2",0.781735289927342,14,"STRT_storm1b_06_20_NO3","STRT","storm1b","NO3"
"Interpolated HI for 16% discharge...58","2",0.753122477086007,16,"STRT_storm1b_06_20_NO3","STRT","storm1b","NO3"
"Interpolated HI for 18% discharge...59","2",0.728308875908254,18,"STRT_storm1b_06_20_NO3","STRT","storm1b","NO3"
"Interpolated HI for 20% discharge...60","2",0.718514033338082,20,"STRT_storm1b_06_20_NO3","STRT","storm1b","NO3"
"Interpolated HI for 22% discharge...61","2",0.687586075889257,22,"STRT_storm1b_06_20_NO3","STRT","storm1b","NO3"
"Interpolated HI for 24% discharge...62","2",0.675594814076077,24,"STRT_storm1b_06_20_NO3","STRT","storm1b","NO3"
"Interpolated HI for 26% discharge...63","2",0.661229044973169,26,"STRT_storm1b_06_20_NO3","STRT","storm1b","NO3"
"Interpolated HI for 28% discharge...64","2",0.652265279954414,28,"STRT_storm1b_06_20_NO3","STRT","storm1b","NO3"
"Interpolated HI for 30% discharge...65","2",0.652265279954414,30,"STRT_storm1b_06_20_NO3","STRT","storm1b","NO3"
"Interpolated HI for 32% discharge...66","2",0.643954504440333,32,"STRT_storm1b_06_20_NO3","STRT","storm1b","NO3"
"Interpolated HI for 34% discharge...67","2",0.643954504440333,34,"STRT_storm1b_06_20_NO3","STRT","storm1b","NO3"
"Interpolated HI for 36% discharge...68","2",0.62181222396353,36,"STRT_storm1b_06_20_NO3","STRT","storm1b","NO3"
"Interpolated HI for 38% discharge...69","2",0.62181222396353,38,"STRT_storm1b_06_20_NO3","STRT","storm1b","NO3"
"Interpolated HI for 40% discharge...70","2",0.611067578477469,40,"STRT_storm1b_06_20_NO3","STRT","storm1b","NO3"
"Interpolated HI for 42% discharge...71","2",0.58957828750534,42,"STRT_storm1b_06_20_NO3","STRT","storm1b","NO3"
"Interpolated HI for 44% discharge...72","2",0.568207721897708,44,"STRT_storm1b_06_20_NO3","STRT","storm1b","NO3"
"Interpolated HI for 46% discharge...73","2",0.568029633850974,46,"STRT_storm1b_06_20_NO3","STRT","storm1b","NO3"
"Interpolated HI for 48% discharge...74","2",0.568029633850974,48,"STRT_storm1b_06_20_NO3","STRT","storm1b","NO3"
"Interpolated HI for 50% discharge...75","2",0.550992544047109,50,"STRT_storm1b_06_20_NO3","STRT","storm1b","NO3"
"Interpolated HI for 52% discharge...76","2",0.544878187776037,52,"STRT_storm1b_06_20_NO3","STRT","storm1b","NO3"
"Interpolated HI for 54% discharge...77","2",0.53710167640215,54,"STRT_storm1b_06_20_NO3","STRT","storm1b","NO3"
"Interpolated HI for 56% discharge...78","2",0.532352661822671,56,"STRT_storm1b_06_20_NO3","STRT","storm1b","NO3"
"Interpolated HI for 58% discharge...79","2",0.520717576102958,58,"STRT_storm1b_06_20_NO3","STRT","storm1b","NO3"
"Interpolated HI for 60% discharge...80","2",0.50279004606544,60,"STRT_storm1b_06_20_NO3","STRT","storm1b","NO3"
"Interpolated HI for 62% discharge...81","2",0.490501970841052,62,"STRT_storm1b_06_20_NO3","STRT","storm1b","NO3"
"Interpolated HI for 64% discharge...82","2",0.496319513700909,64,"STRT_storm1b_06_20_NO3","STRT","storm1b","NO3"
"Interpolated HI for 66% discharge...83","2",0.480469677541911,66,"STRT_storm1b_06_20_NO3","STRT","storm1b","NO3"
"Interpolated HI for 68% discharge...84","2",0.47215890202783,68,"STRT_storm1b_06_20_NO3","STRT","storm1b","NO3"
"Interpolated HI for 70% discharge...85","2",0.46908391508762,70,"STRT_storm1b_06_20_NO3","STRT","storm1b","NO3"
"Interpolated HI for 72% discharge...86","2",0.46908391508762,72,"STRT_storm1b_06_20_NO3","STRT","storm1b","NO3"
"Interpolated HI for 74% discharge...87","2",0.464429880799734,74,"STRT_storm1b_06_20_NO3","STRT","storm1b","NO3"
"Interpolated HI for 76% discharge...88","2",0.452961010590303,76,"STRT_storm1b_06_20_NO3","STRT","storm1b","NO3"
"Interpolated HI for 78% discharge...89","2",0.455288027734245,78,"STRT_storm1b_06_20_NO3","STRT","storm1b","NO3"
"Interpolated HI for 80% discharge...90","2",0.449304269364107,80,"STRT_storm1b_06_20_NO3","STRT","storm1b","NO3"
"Interpolated HI for 82% discharge...91","2",0.449304269364107,82,"STRT_storm1b_06_20_NO3","STRT","storm1b","NO3"
"Interpolated HI for 84% discharge...92","2",0.436173244051859,84,"STRT_storm1b_06_20_NO3","STRT","storm1b","NO3"
"Interpolated HI for 86% discharge...93","2",0.432350287315382,86,"STRT_storm1b_06_20_NO3","STRT","storm1b","NO3"
"Interpolated HI for 88% discharge...94","2",0.427197606496652,88,"STRT_storm1b_06_20_NO3","STRT","storm1b","NO3"
"Interpolated HI for 90% discharge...95","2",0.408533979199311,90,"STRT_storm1b_06_20_NO3","STRT","storm1b","NO3"
"Interpolated HI for 92% discharge...96","2",0.332027354323975,92,"STRT_storm1b_06_20_NO3","STRT","storm1b","NO3"
"Interpolated HI for 94% discharge...97","2",0.388825568694495,94,"STRT_storm1b_06_20_NO3","STRT","storm1b","NO3"
"Interpolated HI for 96% discharge...98","2",0.434392363584554,96,"STRT_storm1b_06_20_NO3","STRT","storm1b","NO3"
"Interpolated HI for 98% discharge...99","2",0.452592961960392,98,"STRT_storm1b_06_20_NO3","STRT","storm1b","NO3"
"Interpolated HI for 100% discharge...100","2",0.482179322790519,100,"STRT_storm1b_06_20_NO3","STRT","storm1b","NO3"
"Interpolated HI for 2% discharge...101","3",-0.466493731085166,2,"STRT_storm1c_06_22_NO3","STRT","storm1c","NO3"
"Interpolated HI for 4% discharge...102","3",-0.41201902291396,4,"STRT_storm1c_06_22_NO3","STRT","storm1c","NO3"
"Interpolated HI for 6% discharge...103","3",-0.408560311284048,6,"STRT_storm1c_06_22_NO3","STRT","storm1c","NO3"
"Interpolated HI for 8% discharge...104","3",-0.408560311284048,8,"STRT_storm1c_06_22_NO3","STRT","storm1c","NO3"
"Interpolated HI for 10% discharge...105","3",-0.401642888024211,10,"STRT_storm1c_06_22_NO3","STRT","storm1c","NO3"
"Interpolated HI for 12% discharge...106","3",-0.396454820579336,12,"STRT_storm1c_06_22_NO3","STRT","storm1c","NO3"
"Interpolated HI for 14% discharge...107","3",-0.388456549935142,14,"STRT_storm1c_06_22_NO3","STRT","storm1c","NO3"
"Interpolated HI for 16% discharge...108","3",-0.388456549935142,16,"STRT_storm1c_06_22_NO3","STRT","storm1c","NO3"
"Interpolated HI for 18% discharge...109","3",-0.390185905750105,18,"STRT_storm1c_06_22_NO3","STRT","storm1c","NO3"
"Interpolated HI for 20% discharge...110","3",-0.390185905750105,20,"STRT_storm1c_06_22_NO3","STRT","storm1c","NO3"
"Interpolated HI for 22% discharge...111","3",-0.381971465629053,22,"STRT_storm1c_06_22_NO3","STRT","storm1c","NO3"
"Interpolated HI for 24% discharge...112","3",-0.379917855598793,24,"STRT_storm1c_06_22_NO3","STRT","storm1c","NO3"
"Interpolated HI for 26% discharge...113","3",-0.379917855598793,26,"STRT_storm1c_06_22_NO3","STRT","storm1c","NO3"
"Interpolated HI for 28% discharge...114","3",-0.376567228707304,28,"STRT_storm1c_06_22_NO3","STRT","storm1c","NO3"
"Interpolated HI for 30% discharge...115","3",-0.376567228707304,30,"STRT_storm1c_06_22_NO3","STRT","storm1c","NO3"
"Interpolated HI for 32% discharge...116","3",-0.380890618244697,32,"STRT_storm1c_06_22_NO3","STRT","storm1c","NO3"
"Interpolated HI for 34% discharge...117","3",-0.375378296584525,34,"STRT_storm1c_06_22_NO3","STRT","storm1c","NO3"
"Interpolated HI for 36% discharge...118","3",-0.380890618244697,36,"STRT_storm1c_06_22_NO3","STRT","storm1c","NO3"
"Interpolated HI for 38% discharge...119","3",-0.380890618244697,38,"STRT_storm1c_06_22_NO3","STRT","storm1c","NO3"
"Interpolated HI for 40% discharge...120","3",-0.380350194552526,40,"STRT_storm1c_06_22_NO3","STRT","storm1c","NO3"
"Interpolated HI for 42% discharge...121","3",-0.380350194552526,42,"STRT_storm1c_06_22_NO3","STRT","storm1c","NO3"
"Interpolated HI for 44% discharge...122","3",-0.377107652399474,44,"STRT_storm1c_06_22_NO3","STRT","storm1c","NO3"
"Interpolated HI for 46% discharge...123","3",-0.363164721141376,46,"STRT_storm1c_06_22_NO3","STRT","storm1c","NO3"
"Interpolated HI for 48% discharge...124","3",-0.363164721141376,48,"STRT_storm1c_06_22_NO3","STRT","storm1c","NO3"
"Interpolated HI for 50% discharge...125","3",-0.373324686554251,50,"STRT_storm1c_06_22_NO3","STRT","storm1c","NO3"
"Interpolated HI for 52% discharge...126","3",-0.373324686554251,52,"STRT_storm1c_06_22_NO3","STRT","storm1c","NO3"
"Interpolated HI for 54% discharge...127","3",-0.369757890185903,54,"STRT_storm1c_06_22_NO3","STRT","storm1c","NO3"
"Interpolated HI for 56% discharge...128","3",-0.368352788586252,56,"STRT_storm1c_06_22_NO3","STRT","storm1c","NO3"
"Interpolated HI for 58% discharge...129","3",-0.368352788586252,58,"STRT_storm1c_06_22_NO3","STRT","storm1c","NO3"
"Interpolated HI for 60% discharge...130","3",-0.368352788586252,60,"STRT_storm1c_06_22_NO3","STRT","storm1c","NO3"
"Interpolated HI for 62% discharge...131","3",-0.366947686986599,62,"STRT_storm1c_06_22_NO3","STRT","storm1c","NO3"
"Interpolated HI for 64% discharge...132","3",-0.365758754863806,64,"STRT_storm1c_06_22_NO3","STRT","storm1c","NO3"
"Interpolated HI for 66% discharge...133","3",-0.35711197578902,66,"STRT_storm1c_06_22_NO3","STRT","storm1c","NO3"
"Interpolated HI for 68% discharge...134","3",-0.364245568525717,68,"STRT_storm1c_06_22_NO3","STRT","storm1c","NO3"
"Interpolated HI for 70% discharge...135","3",-0.364245568525717,70,"STRT_storm1c_06_22_NO3","STRT","storm1c","NO3"
"Interpolated HI for 72% discharge...136","3",-0.348140942498922,72,"STRT_storm1c_06_22_NO3","STRT","storm1c","NO3"
"Interpolated HI for 74% discharge...137","3",-0.35138348465196,74,"STRT_storm1c_06_22_NO3","STRT","storm1c","NO3"
"Interpolated HI for 76% discharge...138","3",-0.345979247730212,76,"STRT_storm1c_06_22_NO3","STRT","storm1c","NO3"
"Interpolated HI for 78% discharge...139","3",-0.326956333765676,78,"STRT_storm1c_06_22_NO3","STRT","storm1c","NO3"
"Interpolated HI for 80% discharge...140","3",-0.321660181582364,80,"STRT_storm1c_06_22_NO3","STRT","storm1c","NO3"
"Interpolated HI for 82% discharge...141","3",-0.758862948551668,82,"STRT_storm1c_06_22_NO3","STRT","storm1c","NO3"
"Interpolated HI for 84% discharge...142","3",-0.75324254215306,84,"STRT_storm1c_06_22_NO3","STRT","storm1c","NO3"
"Interpolated HI for 86% discharge...143","3",-0.692282749675749,86,"STRT_storm1c_06_22_NO3","STRT","storm1c","NO3"
"Interpolated HI for 88% discharge...144","3",-0.692174664937311,88,"STRT_storm1c_06_22_NO3","STRT","storm1c","NO3"
"Interpolated HI for 90% discharge...145","3",-0.648076091655869,90,"STRT_storm1c_06_22_NO3","STRT","storm1c","NO3"
"Interpolated HI for 92% discharge...146","3",-0.674881106787724,92,"STRT_storm1c_06_22_NO3","STRT","storm1c","NO3"
"Interpolated HI for 94% discharge...147","3",-0.505404236921749,94,"STRT_storm1c_06_22_NO3","STRT","storm1c","NO3"
"Interpolated HI for 96% discharge...148","3",-0.494920017293547,96,"STRT_storm1c_06_22_NO3","STRT","storm1c","NO3"
"Interpolated HI for 98% discharge...149","3",-0.399156939040202,98,"STRT_storm1c_06_22_NO3","STRT","storm1c","NO3"
"Interpolated HI for 100% discharge...150","3",-0.0111327280587946,100,"STRT_storm1c_06_22_NO3","STRT","storm1c","NO3"
"Interpolated HI for 2% discharge...151","4",-0.36035758323059,2,"STRT_storm1d_06_23_NO3","STRT","storm1d","NO3"
"Interpolated HI for 4% discharge...152","4",-0.354500616522836,4,"STRT_storm1d_06_23_NO3","STRT","storm1d","NO3"
"Interpolated HI for 6% discharge...153","4",-0.354500616522836,6,"STRT_storm1d_06_23_NO3","STRT","storm1d","NO3"
"Interpolated HI for 8% discharge...154","4",-0.275893958076454,8,"STRT_storm1d_06_23_NO3","STRT","storm1d","NO3"
"Interpolated HI for 10% discharge...155","4",-0.27096177558569,10,"STRT_storm1d_06_23_NO3","STRT","storm1d","NO3"
"Interpolated HI for 12% discharge...156","4",-0.415844636251543,12,"STRT_storm1d_06_23_NO3","STRT","storm1d","NO3"
"Interpolated HI for 14% discharge...157","4",-0.415844636251543,14,"STRT_storm1d_06_23_NO3","STRT","storm1d","NO3"
"Interpolated HI for 16% discharge...158","4",-0.3757706535142,16,"STRT_storm1d_06_23_NO3","STRT","storm1d","NO3"
"Interpolated HI for 18% discharge...159","4",-0.233353884093728,18,"STRT_storm1d_06_23_NO3","STRT","storm1d","NO3"
"Interpolated HI for 20% discharge...160","4",-0.320283600493207,20,"STRT_storm1d_06_23_NO3","STRT","storm1d","NO3"
"Interpolated HI for 22% discharge...161","4",-0.203760789149184,22,"STRT_storm1d_06_23_NO3","STRT","storm1d","NO3"
"Interpolated HI for 24% discharge...162","4",-0.203760789149184,24,"STRT_storm1d_06_23_NO3","STRT","storm1d","NO3"
"Interpolated HI for 26% discharge...163","4",-0.203760789149184,26,"STRT_storm1d_06_23_NO3","STRT","storm1d","NO3"
"Interpolated HI for 28% discharge...164","4",-0.203760789149184,28,"STRT_storm1d_06_23_NO3","STRT","storm1d","NO3"
"Interpolated HI for 30% discharge...165","4",-0.203760789149184,30,"STRT_storm1d_06_23_NO3","STRT","storm1d","NO3"
"Interpolated HI for 32% discharge...166","4",-0.216091245376094,32,"STRT_storm1d_06_23_NO3","STRT","storm1d","NO3"
"Interpolated HI for 34% discharge...167","4",-0.216091245376094,34,"STRT_storm1d_06_23_NO3","STRT","storm1d","NO3"
"Interpolated HI for 36% discharge...168","4",-0.180024660912439,36,"STRT_storm1d_06_23_NO3","STRT","storm1d","NO3"
"Interpolated HI for 38% discharge...169","4",-0.183107274969177,38,"STRT_storm1d_06_23_NO3","STRT","storm1d","NO3"
"Interpolated HI for 40% discharge...170","4",-0.15258939580764,40,"STRT_storm1d_06_23_NO3","STRT","storm1d","NO3"
"Interpolated HI for 42% discharge...171","4",-0.15258939580764,42,"STRT_storm1d_06_23_NO3","STRT","storm1d","NO3"
"Interpolated HI for 44% discharge...172","4",-0.15258939580764,44,"STRT_storm1d_06_23_NO3","STRT","storm1d","NO3"
"Interpolated HI for 46% discharge...173","4",-0.14858199753391,46,"STRT_storm1d_06_23_NO3","STRT","storm1d","NO3"
"Interpolated HI for 48% discharge...174","4",-0.151972872996286,48,"STRT_storm1d_06_23_NO3","STRT","storm1d","NO3"
"Interpolated HI for 50% discharge...175","4",-0.6014180024661,50,"STRT_storm1d_06_23_NO3","STRT","storm1d","NO3"
"Interpolated HI for 52% discharge...176","4",-0.597102342786691,52,"STRT_storm1d_06_23_NO3","STRT","storm1d","NO3"
"Interpolated HI for 54% discharge...177","4",-0.603575832305802,54,"STRT_storm1d_06_23_NO3","STRT","storm1d","NO3"
"Interpolated HI for 56% discharge...178","4",-0.600184956843428,56,"STRT_storm1d_06_23_NO3","STRT","storm1d","NO3"
"Interpolated HI for 58% discharge...179","4",-0.602959309494449,58,"STRT_storm1d_06_23_NO3","STRT","storm1d","NO3"
"Interpolated HI for 60% discharge...180","4",-0.59309494451292,60,"STRT_storm1d_06_23_NO3","STRT","storm1d","NO3"
"Interpolated HI for 62% discharge...181","4",-0.607274969173856,62,"STRT_storm1d_06_23_NO3","STRT","storm1d","NO3"
"Interpolated HI for 64% discharge...182","4",-0.611898890258941,64,"STRT_storm1d_06_23_NO3","STRT","storm1d","NO3"
"Interpolated HI for 66% discharge...183","4",-0.623612823674495,66,"STRT_storm1d_06_23_NO3","STRT","storm1d","NO3"
"Interpolated HI for 68% discharge...184","4",-0.529901356350223,68,"STRT_storm1d_06_23_NO3","STRT","storm1d","NO3"
"Interpolated HI for 70% discharge...185","4",-0.548088779284849,70,"STRT_storm1d_06_23_NO3","STRT","storm1d","NO3"
"Interpolated HI for 72% discharge...186","4",-0.485203452527752,72,"STRT_storm1d_06_23_NO3","STRT","storm1d","NO3"
"Interpolated HI for 74% discharge...187","4",-0.525585696670816,74,"STRT_storm1d_06_23_NO3","STRT","storm1d","NO3"
"Interpolated HI for 76% discharge...188","4",-0.522503082614079,76,"STRT_storm1d_06_23_NO3","STRT","storm1d","NO3"
"Interpolated HI for 78% discharge...189","4",-0.52065351418005,78,"STRT_storm1d_06_23_NO3","STRT","storm1d","NO3"
"Interpolated HI for 80% discharge...190","4",-0.483970406905081,80,"STRT_storm1d_06_23_NO3","STRT","storm1d","NO3"
"Interpolated HI for 82% discharge...191","4",-0.496300863131991,82,"STRT_storm1d_06_23_NO3","STRT","storm1d","NO3"
"Interpolated HI for 84% discharge...192","4",-0.447287299630153,84,"STRT_storm1d_06_23_NO3","STRT","storm1d","NO3"
"Interpolated HI for 86% discharge...193","4",-0.439272503082651,86,"STRT_storm1d_06_23_NO3","STRT","storm1d","NO3"
"Interpolated HI for 88% discharge...194","4",-0.486436498150504,88,"STRT_storm1d_06_23_NO3","STRT","storm1d","NO3"
"Interpolated HI for 90% discharge...195","4",-0.437731196054261,90,"STRT_storm1d_06_23_NO3","STRT","storm1d","NO3"
"Interpolated HI for 92% discharge...196","4",-0.448212083847102,92,"STRT_storm1d_06_23_NO3","STRT","storm1d","NO3"
"Interpolated HI for 94% discharge...197","4",-0.453760789149223,94,"STRT_storm1d_06_23_NO3","STRT","storm1d","NO3"
"Interpolated HI for 96% discharge...198","4",-0.453760789149223,96,"STRT_storm1d_06_23_NO3","STRT","storm1d","NO3"
"Interpolated HI for 98% discharge...199","4",-0.443588162762019,98,"STRT_storm1d_06_23_NO3","STRT","storm1d","NO3"
"Interpolated HI for 100% discharge...200","4",0.0147965474722498,100,"STRT_storm1d_06_23_NO3","STRT","storm1d","NO3"
"Interpolated HI for 2% discharge...201","5",-0.496377138729627,2,"STRT_storm1e_06_24_NO3","STRT","storm1e","NO3"
"Interpolated HI for 4% discharge...202","5",-0.99572254074308,4,"STRT_storm1e_06_24_NO3","STRT","storm1e","NO3"
"Interpolated HI for 6% discharge...203","5",-0.987709358493972,6,"STRT_storm1e_06_24_NO3","STRT","storm1e","NO3"
"Interpolated HI for 8% discharge...204","5",-0.98291273531669,8,"STRT_storm1e_06_24_NO3","STRT","storm1e","NO3"
"Interpolated HI for 10% discharge...205","5",-0.984887815448511,10,"STRT_storm1e_06_24_NO3","STRT","storm1e","NO3"
"Interpolated HI for 12% discharge...206","5",-0.984797526071055,12,"STRT_storm1e_06_24_NO3","STRT","storm1e","NO3"
"Interpolated HI for 14% discharge...207","5",-0.981468105277413,14,"STRT_storm1e_06_24_NO3","STRT","storm1e","NO3"
"Interpolated HI for 16% discharge...208","5",-0.975080131822489,16,"STRT_storm1e_06_24_NO3","STRT","storm1e","NO3"
"Interpolated HI for 18% discharge...209","5",-0.972518170737211,18,"STRT_storm1e_06_24_NO3","STRT","storm1e","NO3"
"Interpolated HI for 20% discharge...210","5",-0.972642318631213,20,"STRT_storm1e_06_24_NO3","STRT","storm1e","NO3"
"Interpolated HI for 22% discharge...211","5",-0.975565437226308,22,"STRT_storm1e_06_24_NO3","STRT","storm1e","NO3"
"Interpolated HI for 24% discharge...212","5",-0.978398266443952,24,"STRT_storm1e_06_24_NO3","STRT","storm1e","NO3"
"Interpolated HI for 26% discharge...213","5",-0.977630806735586,26,"STRT_storm1e_06_24_NO3","STRT","storm1e","NO3"
"Interpolated HI for 28% discharge...214","5",-0.971626563134847,28,"STRT_storm1e_06_24_NO3","STRT","storm1e","NO3"
"Interpolated HI for 30% discharge...215","5",-0.969606338314296,30,"STRT_storm1e_06_24_NO3","STRT","storm1e","NO3"
"Interpolated HI for 32% discharge...216","5",-0.965385309918286,32,"STRT_storm1e_06_24_NO3","STRT","storm1e","NO3"
"Interpolated HI for 34% discharge...217","5",-0.964437271455012,34,"STRT_storm1e_06_24_NO3","STRT","storm1e","NO3"
"Interpolated HI for 36% discharge...218","5",-0.959877657893548,36,"STRT_storm1e_06_24_NO3","STRT","storm1e","NO3"
"Interpolated HI for 38% discharge...219","5",-0.95713511805336,38,"STRT_storm1e_06_24_NO3","STRT","storm1e","NO3"
"Interpolated HI for 40% discharge...220","5",-0.95554376777572,40,"STRT_storm1e_06_24_NO3","STRT","storm1e","NO3"
"Interpolated HI for 42% discharge...221","5",-0.955453478398265,42,"STRT_storm1e_06_24_NO3","STRT","storm1e","NO3"
"Interpolated HI for 44% discharge...222","5",-0.955024603855356,44,"STRT_storm1e_06_24_NO3","STRT","storm1e","NO3"
"Interpolated HI for 46% discharge...223","5",-0.9551826102659,46,"STRT_storm1e_06_24_NO3","STRT","storm1e","NO3"
"Interpolated HI for 48% discharge...224","5",-0.954211999458263,48,"STRT_storm1e_06_24_NO3","STRT","storm1e","NO3"
"Interpolated HI for 50% discharge...225","5",-0.954697304862082,50,"STRT_storm1e_06_24_NO3","STRT","storm1e","NO3"
"Interpolated HI for 52% discharge...226","5",-0.950137691300617,52,"STRT_storm1e_06_24_NO3","STRT","storm1e","NO3"
"Interpolated HI for 54% discharge...227","5",-0.94966367206898,54,"STRT_storm1e_06_24_NO3","STRT","storm1e","NO3"
"Interpolated HI for 56% discharge...228","5",-0.940736309873142,56,"STRT_storm1e_06_24_NO3","STRT","storm1e","NO3"
"Interpolated HI for 58% discharge...229","5",-0.936458850616225,58,"STRT_storm1e_06_24_NO3","STRT","storm1e","NO3"
"Interpolated HI for 60% discharge...230","5",-0.928016793824206,60,"STRT_storm1e_06_24_NO3","STRT","storm1e","NO3"
"Interpolated HI for 62% discharge...231","5",-0.923141167441649,62,"STRT_storm1e_06_24_NO3","STRT","storm1e","NO3"
"Interpolated HI for 64% discharge...232","5",-0.918762132635094,64,"STRT_storm1e_06_24_NO3","STRT","storm1e","NO3"
"Interpolated HI for 66% discharge...233","5",-0.914778113854904,66,"STRT_storm1e_06_24_NO3","STRT","storm1e","NO3"
"Interpolated HI for 68% discharge...234","5",-0.909270461830165,68,"STRT_storm1e_06_24_NO3","STRT","storm1e","NO3"
"Interpolated HI for 70% discharge...235","5",-0.902487472348876,70,"STRT_storm1e_06_24_NO3","STRT","storm1e","NO3"
"Interpolated HI for 72% discharge...236","5",-0.897927858787412,72,"STRT_storm1e_06_24_NO3","STRT","storm1e","NO3"
"Interpolated HI for 74% discharge...237","5",-0.891178727822671,74,"STRT_storm1e_06_24_NO3","STRT","storm1e","NO3"
"Interpolated HI for 76% discharge...238","5",-0.884937474606112,76,"STRT_storm1e_06_24_NO3","STRT","storm1e","NO3"
"Interpolated HI for 78% discharge...239","5",-0.881292040991377,78,"STRT_storm1e_06_24_NO3","STRT","storm1e","NO3"
"Interpolated HI for 80% discharge...240","5",-0.874960498397363,80,"STRT_storm1e_06_24_NO3","STRT","storm1e","NO3"
"Interpolated HI for 82% discharge...241","5",-0.867376190691164,82,"STRT_storm1e_06_24_NO3","STRT","storm1e","NO3"
"Interpolated HI for 84% discharge...242","5",-0.861924969527334,84,"STRT_storm1e_06_24_NO3","STRT","storm1e","NO3"
"Interpolated HI for 86% discharge...243","5",-0.856157735542412,86,"STRT_storm1e_06_24_NO3","STRT","storm1e","NO3"
"Interpolated HI for 88% discharge...244","5",-0.850864520789128,88,"STRT_storm1e_06_24_NO3","STRT","storm1e","NO3"
"Interpolated HI for 90% discharge...245","5",-0.846271048711118,90,"STRT_storm1e_06_24_NO3","STRT","storm1e","NO3"
"Interpolated HI for 92% discharge...246","5",-0.843979955758204,92,"STRT_storm1e_06_24_NO3","STRT","storm1e","NO3"
"Interpolated HI for 94% discharge...247","5",-0.842196740553473,94,"STRT_storm1e_06_24_NO3","STRT","storm1e","NO3"
"Interpolated HI for 96% discharge...248","5",-0.838551306938736,96,"STRT_storm1e_06_24_NO3","STRT","storm1e","NO3"
"Interpolated HI for 98% discharge...249","5",-0.840052367838923,98,"STRT_storm1e_06_24_NO3","STRT","storm1e","NO3"
"Interpolated HI for 100% discharge...250","5",0.00220080357546054,100,"STRT_storm1e_06_24_NO3","STRT","storm1e","NO3"
"Interpolated HI for 2% discharge...251","6",0.165782907049279,2,"STRT_storm2_07_09_NO3","STRT","storm2","NO3"
"Interpolated HI for 4% discharge...252","6",0.664535246412968,4,"STRT_storm2_07_09_NO3","STRT","storm2","NO3"
"Interpolated HI for 6% discharge...253","6",0.664535246412968,6,"STRT_storm2_07_09_NO3","STRT","storm2","NO3"
"Interpolated HI for 8% discharge...254","6",0.664535246412968,8,"STRT_storm2_07_09_NO3","STRT","storm2","NO3"
"Interpolated HI for 10% discharge...255","6",0.71069868995633,10,"STRT_storm2_07_09_NO3","STRT","storm2","NO3"
"Interpolated HI for 12% discharge...256","6",0.367124142233297,12,"STRT_storm2_07_09_NO3","STRT","storm2","NO3"
"Interpolated HI for 14% discharge...257","6",0.413287585776658,14,"STRT_storm2_07_09_NO3","STRT","storm2","NO3"
"Interpolated HI for 16% discharge...258","6",0.546007485963819,16,"STRT_storm2_07_09_NO3","STRT","storm2","NO3"
"Interpolated HI for 18% discharge...259","6",0.473955084217094,18,"STRT_storm2_07_09_NO3","STRT","storm2","NO3"
"Interpolated HI for 20% discharge...260","6",0.499688084840938,20,"STRT_storm2_07_09_NO3","STRT","storm2","NO3"
"Interpolated HI for 22% discharge...261","6",0.55645664379288,22,"STRT_storm2_07_09_NO3","STRT","storm2","NO3"
"Interpolated HI for 24% discharge...262","6",0.615252651278842,24,"STRT_storm2_07_09_NO3","STRT","storm2","NO3"
"Interpolated HI for 26% discharge...263","6",0.606519026824693,26,"STRT_storm2_07_09_NO3","STRT","storm2","NO3"
"Interpolated HI for 28% discharge...264","6",0.589519650654999,28,"STRT_storm2_07_09_NO3","STRT","storm2","NO3"
"Interpolated HI for 30% discharge...265","6",0.717872738615086,30,"STRT_storm2_07_09_NO3","STRT","storm2","NO3"
"Interpolated HI for 32% discharge...266","6",0.798970679975042,32,"STRT_storm2_07_09_NO3","STRT","storm2","NO3"
"Interpolated HI for 34% discharge...267","6",0.860417966313163,34,"STRT_storm2_07_09_NO3","STRT","storm2","NO3"
"Interpolated HI for 36% discharge...268","6",0.809575795383645,36,"STRT_storm2_07_09_NO3","STRT","storm2","NO3"
"Interpolated HI for 38% discharge...269","6",0.881160324391768,38,"STRT_storm2_07_09_NO3","STRT","storm2","NO3"
"Interpolated HI for 40% discharge...270","6",0.926699937616965,40,"STRT_storm2_07_09_NO3","STRT","storm2","NO3"
"Interpolated HI for 42% discharge...271","6",0.850124766063645,42,"STRT_storm2_07_09_NO3","STRT","storm2","NO3"
"Interpolated HI for 44% discharge...272","6",0.855739238927029,44,"STRT_storm2_07_09_NO3","STRT","storm2","NO3"
"Interpolated HI for 46% discharge...273","6",0.916874610106069,46,"STRT_storm2_07_09_NO3","STRT","storm2","NO3"
"Interpolated HI for 48% discharge...274","6",0.90845290081098,48,"STRT_storm2_07_09_NO3","STRT","storm2","NO3"
"Interpolated HI for 50% discharge...275","6",0.883811603243929,50,"STRT_storm2_07_09_NO3","STRT","storm2","NO3"
"Interpolated HI for 52% discharge...276","6",0.926232064878362,52,"STRT_storm2_07_09_NO3","STRT","storm2","NO3"
"Interpolated HI for 54% discharge...277","6",0.929039301310044,54,"STRT_storm2_07_09_NO3","STRT","storm2","NO3"
"Interpolated HI for 56% discharge...278","6",0.932002495321288,56,"STRT_storm2_07_09_NO3","STRT","storm2","NO3"
"Interpolated HI for 58% discharge...279","6",0.926699937616943,58,"STRT_storm2_07_09_NO3","STRT","storm2","NO3"
"Interpolated HI for 60% discharge...280","6",0.892389270118516,60,"STRT_storm2_07_09_NO3","STRT","storm2","NO3"
"Interpolated HI for 62% discharge...281","6",0.895508421709279,62,"STRT_storm2_07_09_NO3","STRT","storm2","NO3"
"Interpolated HI for 64% discharge...282","6",0.892389270118515,64,"STRT_storm2_07_09_NO3","STRT","storm2","NO3"
"Interpolated HI for 66% discharge...283","6",0.921397379912663,66,"STRT_storm2_07_09_NO3","STRT","storm2","NO3"
"Interpolated HI for 68% discharge...284","6",0.681378665003121,68,"STRT_storm2_07_09_NO3","STRT","storm2","NO3"
"Interpolated HI for 70% discharge...285","6",0.923268870867116,70,"STRT_storm2_07_09_NO3","STRT","storm2","NO3"
"Interpolated HI for 72% discharge...286","6",0.721615720524017,72,"STRT_storm2_07_09_NO3","STRT","storm2","NO3"
"Interpolated HI for 74% discharge...287","6",0.682470368059889,74,"STRT_storm2_07_09_NO3","STRT","storm2","NO3"
"Interpolated HI for 76% discharge...288","6",0.679663131628209,76,"STRT_storm2_07_09_NO3","STRT","storm2","NO3"
"Interpolated HI for 78% discharge...289","6",0.72083593262631,78,"STRT_storm2_07_09_NO3","STRT","storm2","NO3"
"Interpolated HI for 80% discharge...290","6",0.671397379912663,80,"STRT_storm2_07_09_NO3","STRT","storm2","NO3"
"Interpolated HI for 82% discharge...291","6",0.634747348721135,82,"STRT_storm2_07_09_NO3","STRT","storm2","NO3"
"Interpolated HI for 84% discharge...292","6",0.636306924516528,84,"STRT_storm2_07_09_NO3","STRT","storm2","NO3"
"Interpolated HI for 86% discharge...293","6",0.577510917030546,86,"STRT_storm2_07_09_NO3","STRT","storm2","NO3"
"Interpolated HI for 88% discharge...294","6",0.589051777916395,88,"STRT_storm2_07_09_NO3","STRT","storm2","NO3"
"Interpolated HI for 90% discharge...295","6",0.582189644416701,90,"STRT_storm2_07_09_NO3","STRT","storm2","NO3"
"Interpolated HI for 92% discharge...296","6",0.57548346849655,92,"STRT_storm2_07_09_NO3","STRT","storm2","NO3"
"Interpolated HI for 94% discharge...297","6",0.485495945102924,94,"STRT_storm2_07_09_NO3","STRT","storm2","NO3"
"Interpolated HI for 96% discharge...298","6",0.583905177791636,96,"STRT_storm2_07_09_NO3","STRT","storm2","NO3"
"Interpolated HI for 98% discharge...299","6",0.503275109170304,98,"STRT_storm2_07_09_NO3","STRT","storm2","NO3"
"Interpolated HI for 100% discharge...300","6",0.503275109170304,100,"STRT_storm2_07_09_NO3","STRT","storm2","NO3"
"Interpolated HI for 2% discharge...301","7",-0.00793887439433516,2,"STRT_storm3_07_21_NO3","STRT","storm3","NO3"
"Interpolated HI for 4% discharge...302","7",-0.00762827680457318,4,"STRT_storm3_07_21_NO3","STRT","storm3","NO3"
"Interpolated HI for 6% discharge...303","7",0.48484283761958,6,"STRT_storm3_07_21_NO3","STRT","storm3","NO3"
"Interpolated HI for 8% discharge...304","7",-0.0138278046962371,8,"STRT_storm3_07_21_NO3","STRT","storm3","NO3"
"Interpolated HI for 10% discharge...305","7",-0.0137905329854651,10,"STRT_storm3_07_21_NO3","STRT","storm3","NO3"
"Interpolated HI for 12% discharge...306","7",-0.0122996645546055,12,"STRT_storm3_07_21_NO3","STRT","storm3","NO3"
"Interpolated HI for 14% discharge...307","7",-0.016374704932292,14,"STRT_storm3_07_21_NO3","STRT","storm3","NO3"
"Interpolated HI for 16% discharge...308","7",-0.0167846937507782,16,"STRT_storm3_07_21_NO3","STRT","storm3","NO3"
"Interpolated HI for 18% discharge...309","7",-0.0175549757733894,18,"STRT_storm3_07_21_NO3","STRT","storm3","NO3"
"Interpolated HI for 20% discharge...310","7",-0.00775251584047743,20,"STRT_storm3_07_21_NO3","STRT","storm3","NO3"
"Interpolated HI for 22% discharge...311","7",-0.00638588644552351,22,"STRT_storm3_07_21_NO3","STRT","storm3","NO3"
"Interpolated HI for 24% discharge...312","7",-0.00836128711641226,24,"STRT_storm3_07_21_NO3","STRT","storm3","NO3"
"Interpolated HI for 26% discharge...313","7",-0.00160268356317639,26,"STRT_storm3_07_21_NO3","STRT","storm3","NO3"
"Interpolated HI for 28% discharge...314","7",0.0059634737234433,28,"STRT_storm3_07_21_NO3","STRT","storm3","NO3"
"Interpolated HI for 30% discharge...315","7",0.0271462293452586,30,"STRT_storm3_07_21_NO3","STRT","storm3","NO3"
"Interpolated HI for 32% discharge...316","7",0.0231208845819355,32,"STRT_storm3_07_21_NO3","STRT","storm3","NO3"
"Interpolated HI for 34% discharge...317","7",0.0313330848552603,34,"STRT_storm3_07_21_NO3","STRT","storm3","NO3"
"Interpolated HI for 36% discharge...318","7",0.0364890048453216,36,"STRT_storm3_07_21_NO3","STRT","storm3","NO3"
"Interpolated HI for 38% discharge...319","7",0.0362281028699208,38,"STRT_storm3_07_21_NO3","STRT","storm3","NO3"
"Interpolated HI for 40% discharge...320","7",0.0281774133432724,40,"STRT_storm3_07_21_NO3","STRT","storm3","NO3"
"Interpolated HI for 42% discharge...321","7",0.0439184991924444,42,"STRT_storm3_07_21_NO3","STRT","storm3","NO3"
"Interpolated HI for 44% discharge...322","7",0.042974282519566,44,"STRT_storm3_07_21_NO3","STRT","storm3","NO3"
"Interpolated HI for 46% discharge...323","7",0.0432227605913778,46,"STRT_storm3_07_21_NO3","STRT","storm3","NO3"
"Interpolated HI for 48% discharge...324","7",0.0525903838986203,48,"STRT_storm3_07_21_NO3","STRT","storm3","NO3"
"Interpolated HI for 50% discharge...325","7",0.0487141259783825,50,"STRT_storm3_07_21_NO3","STRT","storm3","NO3"
"Interpolated HI for 52% discharge...326","7",0.0556715119890672,52,"STRT_storm3_07_21_NO3","STRT","storm3","NO3"
"Interpolated HI for 54% discharge...327","7",0.0626537458069333,54,"STRT_storm3_07_21_NO3","STRT","storm3","NO3"
"Interpolated HI for 56% discharge...328","7",0.0712013914772016,56,"STRT_storm3_07_21_NO3","STRT","storm3","NO3"
"Interpolated HI for 58% discharge...329","7",0.0655982109578818,58,"STRT_storm3_07_21_NO3","STRT","storm3","NO3"
"Interpolated HI for 60% discharge...330","7",0.0793887439433449,60,"STRT_storm3_07_21_NO3","STRT","storm3","NO3"
"Interpolated HI for 62% discharge...331","7",0.535072679836004,62,"STRT_storm3_07_21_NO3","STRT","storm3","NO3"
"Interpolated HI for 64% discharge...332","7",0.525245372095913,64,"STRT_storm3_07_21_NO3","STRT","storm3","NO3"
"Interpolated HI for 66% discharge...333","7",0.102124487513976,66,"STRT_storm3_07_21_NO3","STRT","storm3","NO3"
"Interpolated HI for 68% discharge...334","7",0.534861473474964,68,"STRT_storm3_07_21_NO3","STRT","storm3","NO3"
"Interpolated HI for 70% discharge...335","7",0.0999378804820474,70,"STRT_storm3_07_21_NO3","STRT","storm3","NO3"
"Interpolated HI for 72% discharge...336","7",0.097676730028575,72,"STRT_storm3_07_21_NO3","STRT","storm3","NO3"
"Interpolated HI for 74% discharge...337","7",0.0998757609640939,74,"STRT_storm3_07_21_NO3","STRT","storm3","NO3"
"Interpolated HI for 76% discharge...338","7",0.104373214063859,76,"STRT_storm3_07_21_NO3","STRT","storm3","NO3"
"Interpolated HI for 78% discharge...339","7",0.104050192570506,78,"STRT_storm3_07_21_NO3","STRT","storm3","NO3"
"Interpolated HI for 80% discharge...340","7",0.103304758355075,80,"STRT_storm3_07_21_NO3","STRT","storm3","NO3"
"Interpolated HI for 82% discharge...341","7",0.0974530997639451,82,"STRT_storm3_07_21_NO3","STRT","storm3","NO3"
"Interpolated HI for 84% discharge...342","7",0.0979624798111572,84,"STRT_storm3_07_21_NO3","STRT","storm3","NO3"
"Interpolated HI for 86% discharge...343","7",0.0912784196794625,86,"STRT_storm3_07_21_NO3","STRT","storm3","NO3"
"Interpolated HI for 88% discharge...344","7",0.0855634240278292,88,"STRT_storm3_07_21_NO3","STRT","storm3","NO3"
"Interpolated HI for 90% discharge...345","7",0.0800347869300522,90,"STRT_storm3_07_21_NO3","STRT","storm3","NO3"
"Interpolated HI for 92% discharge...346","7",0.0709032177910304,92,"STRT_storm3_07_21_NO3","STRT","storm3","NO3"
"Interpolated HI for 94% discharge...347","7",0.0662069822338182,94,"STRT_storm3_07_21_NO3","STRT","storm3","NO3"
"Interpolated HI for 96% discharge...348","7",0.494918623431481,96,"STRT_storm3_07_21_NO3","STRT","storm3","NO3"
"Interpolated HI for 98% discharge...349","7",0.496384644055161,98,"STRT_storm3_07_21_NO3","STRT","storm3","NO3"
"Interpolated HI for 100% discharge...350","7",0.49219778854516,100,"STRT_storm3_07_21_NO3","STRT","storm3","NO3"
"Interpolated HI for 2% discharge...351","8",0.373053597770856,2,"STRT_storm4a_08_01_NO3","STRT","storm4a","NO3"
"Interpolated HI for 4% discharge...352","8",0.870594984428778,4,"STRT_storm4a_08_01_NO3","STRT","storm4a","NO3"
"Interpolated HI for 6% discharge...353","8",0.874282904441895,6,"STRT_storm4a_08_01_NO3","STRT","storm4a","NO3"
"Interpolated HI for 8% discharge...354","8",0.878544500901485,8,"STRT_storm4a_08_01_NO3","STRT","storm4a","NO3"
"Interpolated HI for 10% discharge...355","8",0.878544500901485,10,"STRT_storm4a_08_01_NO3","STRT","storm4a","NO3"
"Interpolated HI for 12% discharge...356","8",0.878544500901485,12,"STRT_storm4a_08_01_NO3","STRT","storm4a","NO3"
"Interpolated HI for 14% discharge...357","8",0.864366497295512,14,"STRT_storm4a_08_01_NO3","STRT","storm4a","NO3"
"Interpolated HI for 16% discharge...358","8",0.871414522209463,16,"STRT_storm4a_08_01_NO3","STRT","storm4a","NO3"
"Interpolated HI for 18% discharge...359","8",0.861662022619232,18,"STRT_storm4a_08_01_NO3","STRT","storm4a","NO3"
"Interpolated HI for 20% discharge...360","8",0.868546139977042,20,"STRT_storm4a_08_01_NO3","STRT","storm4a","NO3"
"Interpolated HI for 22% discharge...361","8",0.86149811506309,22,"STRT_storm4a_08_01_NO3","STRT","storm4a","NO3"
"Interpolated HI for 24% discharge...362","8",0.852565153253556,24,"STRT_storm4a_08_01_NO3","STRT","storm4a","NO3"
"Interpolated HI for 26% discharge...363","8",0.852073430585143,26,"STRT_storm4a_08_01_NO3","STRT","storm4a","NO3"
"Interpolated HI for 28% discharge...364","8",0.848221603015884,28,"STRT_storm4a_08_01_NO3","STRT","storm4a","NO3"
"Interpolated HI for 30% discharge...365","8",0.851417800360588,30,"STRT_storm4a_08_01_NO3","STRT","storm4a","NO3"
"Interpolated HI for 32% discharge...366","8",0.850434355023761,32,"STRT_storm4a_08_01_NO3","STRT","storm4a","NO3"
"Interpolated HI for 34% discharge...367","8",0.850434355023761,34,"STRT_storm4a_08_01_NO3","STRT","storm4a","NO3"
"Interpolated HI for 36% discharge...368","8",0.847975741681683,36,"STRT_storm4a_08_01_NO3","STRT","storm4a","NO3"
"Interpolated HI for 38% discharge...369","8",0.845189313227333,38,"STRT_storm4a_08_01_NO3","STRT","storm4a","NO3"
"Interpolated HI for 40% discharge...370","8",0.840599901655459,40,"STRT_storm4a_08_01_NO3","STRT","storm4a","NO3"
"Interpolated HI for 42% discharge...371","8",0.840272086543176,42,"STRT_storm4a_08_01_NO3","STRT","storm4a","NO3"
"Interpolated HI for 44% discharge...372","8",0.840272086543176,44,"STRT_storm4a_08_01_NO3","STRT","storm4a","NO3"
"Interpolated HI for 46% discharge...373","8",0.838469103425653,46,"STRT_storm4a_08_01_NO3","STRT","storm4a","NO3"
"Interpolated HI for 48% discharge...374","8",0.838469103425653,48,"STRT_storm4a_08_01_NO3","STRT","storm4a","NO3"
"Interpolated HI for 50% discharge...375","8",0.838469103425653,50,"STRT_storm4a_08_01_NO3","STRT","storm4a","NO3"
"Interpolated HI for 52% discharge...376","8",0.842976561219467,52,"STRT_storm4a_08_01_NO3","STRT","storm4a","NO3"
"Interpolated HI for 54% discharge...377","8",0.840272086543176,54,"STRT_storm4a_08_01_NO3","STRT","storm4a","NO3"
"Interpolated HI for 56% discharge...378","8",0.838387149647593,56,"STRT_storm4a_08_01_NO3","STRT","storm4a","NO3"
"Interpolated HI for 58% discharge...379","8",0.838387149647593,58,"STRT_storm4a_08_01_NO3","STRT","storm4a","NO3"
"Interpolated HI for 60% discharge...380","8",0.832158662514327,60,"STRT_storm4a_08_01_NO3","STRT","storm4a","NO3"
"Interpolated HI for 62% discharge...381","8",0.86412063596131,62,"STRT_storm4a_08_01_NO3","STRT","storm4a","NO3"
"Interpolated HI for 64% discharge...382","8",0.734387805277815,64,"STRT_storm4a_08_01_NO3","STRT","storm4a","NO3"
"Interpolated HI for 66% discharge...383","8",0.76520242583182,66,"STRT_storm4a_08_01_NO3","STRT","storm4a","NO3"
"Interpolated HI for 68% discharge...384","8",0.772496312079972,68,"STRT_storm4a_08_01_NO3","STRT","storm4a","NO3"
"Interpolated HI for 70% discharge...385","8",0.802819209965574,70,"STRT_storm4a_08_01_NO3","STRT","storm4a","NO3"
"Interpolated HI for 72% discharge...386","8",0.814292738895246,72,"STRT_storm4a_08_01_NO3","STRT","storm4a","NO3"
"Interpolated HI for 74% discharge...387","8",0.845517128339614,74,"STRT_storm4a_08_01_NO3","STRT","storm4a","NO3"
"Interpolated HI for 76% discharge...388","8",0.890018029831168,76,"STRT_storm4a_08_01_NO3","STRT","storm4a","NO3"
"Interpolated HI for 78% discharge...389","8",0.860186854613991,78,"STRT_storm4a_08_01_NO3","STRT","storm4a","NO3"
"Interpolated HI for 80% discharge...390","8",0.886903786264535,80,"STRT_storm4a_08_01_NO3","STRT","storm4a","NO3"
"Interpolated HI for 82% discharge...391","8",0.73782986395671,82,"STRT_storm4a_08_01_NO3","STRT","storm4a","NO3"
"Interpolated HI for 84% discharge...392","8",0.755613833797719,84,"STRT_storm4a_08_01_NO3","STRT","storm4a","NO3"
"Interpolated HI for 86% discharge...393","8",0.738485494181264,86,"STRT_storm4a_08_01_NO3","STRT","storm4a","NO3"
"Interpolated HI for 88% discharge...394","8",0.748074086215355,88,"STRT_storm4a_08_01_NO3","STRT","storm4a","NO3"
"Interpolated HI for 90% discharge...395","8",0.598590395017196,90,"STRT_storm4a_08_01_NO3","STRT","storm4a","NO3"
"Interpolated HI for 92% discharge...396","8",0.528274053433844,92,"STRT_storm4a_08_01_NO3","STRT","storm4a","NO3"
"Interpolated HI for 94% discharge...397","8",0.673414194394341,94,"STRT_storm4a_08_01_NO3","STRT","storm4a","NO3"
"Interpolated HI for 96% discharge...398","8",0.675544992624146,96,"STRT_storm4a_08_01_NO3","STRT","storm4a","NO3"
"Interpolated HI for 98% discharge...399","8",0.500655630224544,98,"STRT_storm4a_08_01_NO3","STRT","storm4a","NO3"
"Interpolated HI for 100% discharge...400","8",0.500655630224544,100,"STRT_storm4a_08_01_NO3","STRT","storm4a","NO3"
"Interpolated HI for 2% discharge...401","9",-0.490701638942634,2,"STRT_storm4b_08_03_NO3","STRT","storm4b","NO3"
"Interpolated HI for 4% discharge...402","9",-0.0374148805186311,4,"STRT_storm4b_08_03_NO3","STRT","storm4b","NO3"
"Interpolated HI for 6% discharge...403","9",-0.0256037672437619,6,"STRT_storm4b_08_03_NO3","STRT","storm4b","NO3"
"Interpolated HI for 8% discharge...404","9",-0.0247368677287234,8,"STRT_storm4b_08_03_NO3","STRT","storm4b","NO3"
"Interpolated HI for 10% discharge...405","9",-0.0247368677287234,10,"STRT_storm4b_08_03_NO3","STRT","storm4b","NO3"
"Interpolated HI for 12% discharge...406","9",-0.0253524920220118,12,"STRT_storm4b_08_03_NO3","STRT","storm4b","NO3"
"Interpolated HI for 14% discharge...407","9",-0.524736867728723,14,"STRT_storm4b_08_03_NO3","STRT","storm4b","NO3"
"Interpolated HI for 16% discharge...408","9",-0.52070390041963,16,"STRT_storm4b_08_03_NO3","STRT","storm4b","NO3"
"Interpolated HI for 18% discharge...409","9",-0.522387444405358,18,"STRT_storm4b_08_03_NO3","STRT","storm4b","NO3"
"Interpolated HI for 20% discharge...410","9",-0.517801671608413,20,"STRT_storm4b_08_03_NO3","STRT","storm4b","NO3"
"Interpolated HI for 22% discharge...411","9",-0.512889241023193,22,"STRT_storm4b_08_03_NO3","STRT","storm4b","NO3"
"Interpolated HI for 24% discharge...412","9",-0.513932033193457,24,"STRT_storm4b_08_03_NO3","STRT","storm4b","NO3"
"Interpolated HI for 26% discharge...413","9",-0.508403978314949,26,"STRT_storm4b_08_03_NO3","STRT","storm4b","NO3"
"Interpolated HI for 28% discharge...414","9",-0.505288165565245,28,"STRT_storm4b_08_03_NO3","STRT","storm4b","NO3"
"Interpolated HI for 30% discharge...415","9",-0.503881024323443,30,"STRT_storm4b_08_03_NO3","STRT","storm4b","NO3"
"Interpolated HI for 32% discharge...416","9",-0.500840594140262,32,"STRT_storm4b_08_03_NO3","STRT","storm4b","NO3"
"Interpolated HI for 34% discharge...417","9",-0.495048700278917,34,"STRT_storm4b_08_03_NO3","STRT","storm4b","NO3"
"Interpolated HI for 36% discharge...418","9",-0.494043599391914,36,"STRT_storm4b_08_03_NO3","STRT","storm4b","NO3"
"Interpolated HI for 38% discharge...419","9",-0.485512805613489,38,"STRT_storm4b_08_03_NO3","STRT","storm4b","NO3"
"Interpolated HI for 40% discharge...420","9",-0.471969071161143,40,"STRT_storm4b_08_03_NO3","STRT","storm4b","NO3"
"Interpolated HI for 42% discharge...421","9",-0.469267862527327,42,"STRT_storm4b_08_03_NO3","STRT","storm4b","NO3"
"Interpolated HI for 44% discharge...422","9",-0.442808581677011,44,"STRT_storm4b_08_03_NO3","STRT","storm4b","NO3"
"Interpolated HI for 46% discharge...423","9",-0.449228663592734,46,"STRT_storm4b_08_03_NO3","STRT","storm4b","NO3"
"Interpolated HI for 48% discharge...424","9",-0.449090462220772,48,"STRT_storm4b_08_03_NO3","STRT","storm4b","NO3"
"Interpolated HI for 50% discharge...425","9",-0.446828985225019,50,"STRT_storm4b_08_03_NO3","STRT","storm4b","NO3"
"Interpolated HI for 52% discharge...426","9",-0.437192580470891,52,"STRT_storm4b_08_03_NO3","STRT","storm4b","NO3"
"Interpolated HI for 54% discharge...427","9",-0.438938943262056,54,"STRT_storm4b_08_03_NO3","STRT","storm4b","NO3"
"Interpolated HI for 56% discharge...428","9",-0.433461143427897,56,"STRT_storm4b_08_03_NO3","STRT","storm4b","NO3"
"Interpolated HI for 58% discharge...429","9",-0.435345707591025,58,"STRT_storm4b_08_03_NO3","STRT","storm4b","NO3"
"Interpolated HI for 60% discharge...430","9",-0.432845519134609,60,"STRT_storm4b_08_03_NO3","STRT","storm4b","NO3"
"Interpolated HI for 62% discharge...431","9",-0.432368096213282,62,"STRT_storm4b_08_03_NO3","STRT","storm4b","NO3"
"Interpolated HI for 64% discharge...432","9",-0.432066565947183,64,"STRT_storm4b_08_03_NO3","STRT","storm4b","NO3"
"Interpolated HI for 66% discharge...433","9",-0.431815290725432,66,"STRT_storm4b_08_03_NO3","STRT","storm4b","NO3"
"Interpolated HI for 68% discharge...434","9",-0.433586781038773,68,"STRT_storm4b_08_03_NO3","STRT","storm4b","NO3"
"Interpolated HI for 70% discharge...435","9",-0.431086592582356,70,"STRT_storm4b_08_03_NO3","STRT","storm4b","NO3"
"Interpolated HI for 72% discharge...436","9",-0.426940551423474,72,"STRT_storm4b_08_03_NO3","STRT","storm4b","NO3"
"Interpolated HI for 74% discharge...437","9",-0.4272169541674,74,"STRT_storm4b_08_03_NO3","STRT","storm4b","NO3"
"Interpolated HI for 76% discharge...438","9",-0.429842780234693,76,"STRT_storm4b_08_03_NO3","STRT","storm4b","NO3"
"Interpolated HI for 78% discharge...439","9",-0.422430161193054,78,"STRT_storm4b_08_03_NO3","STRT","storm4b","NO3"
"Interpolated HI for 80% discharge...440","9",-0.405808305274266,80,"STRT_storm4b_08_03_NO3","STRT","storm4b","NO3"
"Interpolated HI for 82% discharge...441","9",-0.390895120863382,82,"STRT_storm4b_08_03_NO3","STRT","storm4b","NO3"
"Interpolated HI for 84% discharge...442","9",-0.393081215292612,84,"STRT_storm4b_08_03_NO3","STRT","storm4b","NO3"
"Interpolated HI for 86% discharge...443","9",-0.398043900922181,86,"STRT_storm4b_08_03_NO3","STRT","storm4b","NO3"
"Interpolated HI for 88% discharge...444","9",-0.392880195115209,88,"STRT_storm4b_08_03_NO3","STRT","storm4b","NO3"
"Interpolated HI for 90% discharge...445","9",-0.403747848455914,90,"STRT_storm4b_08_03_NO3","STRT","storm4b","NO3"
"Interpolated HI for 92% discharge...446","9",-0.39784288074478,92,"STRT_storm4b_08_03_NO3","STRT","storm4b","NO3"
"Interpolated HI for 94% discharge...447","9",-0.394463229012237,94,"STRT_storm4b_08_03_NO3","STRT","storm4b","NO3"
"Interpolated HI for 96% discharge...448","9",-0.407353647888032,96,"STRT_storm4b_08_03_NO3","STRT","storm4b","NO3"
"Interpolated HI for 98% discharge...449","9",0.00782840101012683,98,"STRT_storm4b_08_03_NO3","STRT","storm4b","NO3"
"Interpolated HI for 100% discharge...450","9",0.00836864273689036,100,"STRT_storm4b_08_03_NO3","STRT","storm4b","NO3"
"Interpolated HI for 2% discharge...451","10",0.2501562174547,2,"STRT_storm5_08_09_NO3","STRT","storm5","NO3"
"Interpolated HI for 4% discharge...452","10",0.728806498646114,4,"STRT_storm5_08_09_NO3","STRT","storm5","NO3"
"Interpolated HI for 6% discharge...453","10",0.727660903978342,6,"STRT_storm5_08_09_NO3","STRT","storm5","NO3"
"Interpolated HI for 8% discharge...454","10",0.733388877317228,8,"STRT_storm5_08_09_NO3","STRT","storm5","NO3"
"Interpolated HI for 10% discharge...455","10",0.733076442407828,10,"STRT_storm5_08_09_NO3","STRT","storm5","NO3"
"Interpolated HI for 12% discharge...456","10",0.715267652572371,12,"STRT_storm5_08_09_NO3","STRT","storm5","NO3"
"Interpolated HI for 14% discharge...457","10",0.715684232451571,14,"STRT_storm5_08_09_NO3","STRT","storm5","NO3"
"Interpolated HI for 16% discharge...458","10",0.689543845032285,16,"STRT_storm5_08_09_NO3","STRT","storm5","NO3"
"Interpolated HI for 18% discharge...459","10",0.71537179754217,18,"STRT_storm5_08_09_NO3","STRT","storm5","NO3"
"Interpolated HI for 20% discharge...460","10",0.718496146636114,20,"STRT_storm5_08_09_NO3","STRT","storm5","NO3"
"Interpolated HI for 22% discharge...461","10",0.717871276817328,22,"STRT_storm5_08_09_NO3","STRT","storm5","NO3"
"Interpolated HI for 24% discharge...462","10",0.729327223495099,24,"STRT_storm5_08_09_NO3","STRT","storm5","NO3"
"Interpolated HI for 26% discharge...463","10",0.726619454280356,26,"STRT_storm5_08_09_NO3","STRT","storm5","NO3"
"Interpolated HI for 28% discharge...464","10",0.7290147885857,28,"STRT_storm5_08_09_NO3","STRT","storm5","NO3"
"Interpolated HI for 30% discharge...465","10",0.733076442407828,30,"STRT_storm5_08_09_NO3","STRT","storm5","NO3"
"Interpolated HI for 32% discharge...466","10",0.717767131847528,32,"STRT_storm5_08_09_NO3","STRT","storm5","NO3"
"Interpolated HI for 34% discharge...467","10",0.724224119975,34,"STRT_storm5_08_09_NO3","STRT","storm5","NO3"
"Interpolated HI for 36% discharge...468","10",0.719016871485099,36,"STRT_storm5_08_09_NO3","STRT","storm5","NO3"
"Interpolated HI for 38% discharge...469","10",0.719016871485099,38,"STRT_storm5_08_09_NO3","STRT","storm5","NO3"
"Interpolated HI for 40% discharge...470","10",0.715059362632785,40,"STRT_storm5_08_09_NO3","STRT","storm5","NO3"
"Interpolated HI for 42% discharge...471","10",0.711726723599242,42,"STRT_storm5_08_09_NO3","STRT","storm5","NO3"
"Interpolated HI for 44% discharge...472","10",0.707144344928128,44,"STRT_storm5_08_09_NO3","STRT","storm5","NO3"
"Interpolated HI for 46% discharge...473","10",0.695896688189957,46,"STRT_storm5_08_09_NO3","STRT","storm5","NO3"
"Interpolated HI for 48% discharge...474","10",0.689439700062485,48,"STRT_storm5_08_09_NO3","STRT","storm5","NO3"
"Interpolated HI for 50% discharge...475","10",0.701937096438242,50,"STRT_storm5_08_09_NO3","STRT","storm5","NO3"
"Interpolated HI for 52% discharge...476","10",0.476359091855856,52,"STRT_storm5_08_09_NO3","STRT","storm5","NO3"
"Interpolated HI for 54% discharge...477","10",0.456259112684871,54,"STRT_storm5_08_09_NO3","STRT","storm5","NO3"
"Interpolated HI for 56% discharge...478","10",0.479483440949814,56,"STRT_storm5_08_09_NO3","STRT","storm5","NO3"
"Interpolated HI for 58% discharge...479","10",0.514580295771727,58,"STRT_storm5_08_09_NO3","STRT","storm5","NO3"
"Interpolated HI for 60% discharge...480","10",0.485523849198086,60,"STRT_storm5_08_09_NO3","STRT","storm5","NO3"
"Interpolated HI for 62% discharge...481","10",0.534263695063529,62,"STRT_storm5_08_09_NO3","STRT","storm5","NO3"
"Interpolated HI for 64% discharge...482","10",0.577588002499484,64,"STRT_storm5_08_09_NO3","STRT","storm5","NO3"
"Interpolated HI for 66% discharge...483","10",0.585190585294742,66,"STRT_storm5_08_09_NO3","STRT","storm5","NO3"
"Interpolated HI for 68% discharge...484","10",0.603207665069771,68,"STRT_storm5_08_09_NO3","STRT","storm5","NO3"
"Interpolated HI for 70% discharge...485","10",0.620495730056242,70,"STRT_storm5_08_09_NO3","STRT","storm5","NO3"
"Interpolated HI for 72% discharge...486","10",0.636325765465529,72,"STRT_storm5_08_09_NO3","STRT","storm5","NO3"
"Interpolated HI for 74% discharge...487","10",0.614455321807956,74,"STRT_storm5_08_09_NO3","STRT","storm5","NO3"
"Interpolated HI for 76% discharge...488","10",0.687773380545728,76,"STRT_storm5_08_09_NO3","STRT","storm5","NO3"
"Interpolated HI for 78% discharge...489","10",0.645594667777556,78,"STRT_storm5_08_09_NO3","STRT","storm5","NO3"
"Interpolated HI for 80% discharge...490","10",0.700166631951686,80,"STRT_storm5_08_09_NO3","STRT","storm5","NO3"
"Interpolated HI for 82% discharge...491","10",0.670797750468656,82,"STRT_storm5_08_09_NO3","STRT","storm5","NO3"
"Interpolated HI for 84% discharge...492","10",0.572276609039785,84,"STRT_storm5_08_09_NO3","STRT","storm5","NO3"
"Interpolated HI for 86% discharge...493","10",0.509268902312014,86,"STRT_storm5_08_09_NO3","STRT","storm5","NO3"
"Interpolated HI for 88% discharge...494","10",0.415538429493857,88,"STRT_storm5_08_09_NO3","STRT","storm5","NO3"
"Interpolated HI for 90% discharge...495","10",0.509060612372414,90,"STRT_storm5_08_09_NO3","STRT","storm5","NO3"
"Interpolated HI for 92% discharge...496","10",0.487398458654442,92,"STRT_storm5_08_09_NO3","STRT","storm5","NO3"
"Interpolated HI for 94% discharge...497","10",0.487398458654442,94,"STRT_storm5_08_09_NO3","STRT","storm5","NO3"
"Interpolated HI for 96% discharge...498","10",0.487398458654442,96,"STRT_storm5_08_09_NO3","STRT","storm5","NO3"
"Interpolated HI for 98% discharge...499","10",0.487398458654442,98,"STRT_storm5_08_09_NO3","STRT","storm5","NO3"
"Interpolated HI for 100% discharge...500","10",0.487398458654442,100,"STRT_storm5_08_09_NO3","STRT","storm5","NO3"
"Interpolated HI for 2% discharge...501","11",0.288404726735613,2,"STRT_storm6_08_12_NO33","STRT","storm6","NO3"
"Interpolated HI for 4% discharge...502","11",0.309084194977859,4,"STRT_storm6_08_12_NO33","STRT","storm6","NO3"
"Interpolated HI for 6% discharge...503","11",0.829025110782862,6,"STRT_storm6_08_12_NO33","STRT","storm6","NO3"
"Interpolated HI for 8% discharge...504","11",0.638109305760721,8,"STRT_storm6_08_12_NO33","STRT","storm6","NO3"
"Interpolated HI for 10% discharge...505","11",0.662112259970483,10,"STRT_storm6_08_12_NO33","STRT","storm6","NO3"
"Interpolated HI for 12% discharge...506","11",0.657680945347108,12,"STRT_storm6_08_12_NO33","STRT","storm6","NO3"
"Interpolated HI for 14% discharge...507","11",0.729689807976345,14,"STRT_storm6_08_12_NO33","STRT","storm6","NO3"
"Interpolated HI for 16% discharge...508","11",0.754062038404727,16,"STRT_storm6_08_12_NO33","STRT","storm6","NO3"
"Interpolated HI for 18% discharge...509","11",0.702732644017683,18,"STRT_storm6_08_12_NO33","STRT","storm6","NO3"
"Interpolated HI for 20% discharge...510","11",0.72821270310187,20,"STRT_storm6_08_12_NO33","STRT","storm6","NO3"
"Interpolated HI for 22% discharge...511","11",0.772895125553926,22,"STRT_storm6_08_12_NO33","STRT","storm6","NO3"
"Interpolated HI for 24% discharge...512","11",0.662112259970434,24,"STRT_storm6_08_12_NO33","STRT","storm6","NO3"
"Interpolated HI for 26% discharge...513","11",0.660265878877388,26,"STRT_storm6_08_12_NO33","STRT","storm6","NO3"
"Interpolated HI for 28% discharge...514","11",0.65472673559821,28,"STRT_storm6_08_12_NO33","STRT","storm6","NO3"
"Interpolated HI for 30% discharge...515","11",0.604135893648455,30,"STRT_storm6_08_12_NO33","STRT","storm6","NO3"
"Interpolated HI for 32% discharge...516","11",0.604135893648455,32,"STRT_storm6_08_12_NO33","STRT","storm6","NO3"
"Interpolated HI for 34% discharge...517","11",0.73116691285082,34,"STRT_storm6_08_12_NO33","STRT","storm6","NO3"
"Interpolated HI for 36% discharge...518","11",0.652880354505165,36,"STRT_storm6_08_12_NO33","STRT","storm6","NO3"
"Interpolated HI for 38% discharge...519","11",0.652880354505165,38,"STRT_storm6_08_12_NO33","STRT","storm6","NO3"
"Interpolated HI for 40% discharge...520","11",0.675775480059072,40,"STRT_storm6_08_12_NO33","STRT","storm6","NO3"
"Interpolated HI for 42% discharge...521","11",0.754062038404727,42,"STRT_storm6_08_12_NO33","STRT","storm6","NO3"
"Interpolated HI for 44% discharge...522","11",0.754062038404727,44,"STRT_storm6_08_12_NO33","STRT","storm6","NO3"
"Interpolated HI for 46% discharge...523","11",0.712703101920238,46,"STRT_storm6_08_12_NO33","STRT","storm6","NO3"
"Interpolated HI for 48% discharge...524","11",0.779542097488911,48,"STRT_storm6_08_12_NO33","STRT","storm6","NO3"
"Interpolated HI for 50% discharge...525","11",0.787666174298373,50,"STRT_storm6_08_12_NO33","STRT","storm6","NO3"
"Interpolated HI for 52% discharge...526","11",0.854505169867046,52,"STRT_storm6_08_12_NO33","STRT","storm6","NO3"
"Interpolated HI for 54% discharge...527","11",0.758124076809381,54,"STRT_storm6_08_12_NO33","STRT","storm6","NO3"
"Interpolated HI for 56% discharge...528","11",0.774372230428349,56,"STRT_storm6_08_12_NO33","STRT","storm6","NO3"
"Interpolated HI for 58% discharge...529","11",0.774372230428349,58,"STRT_storm6_08_12_NO33","STRT","storm6","NO3"
"Interpolated HI for 60% discharge...530","11",0.804652880354476,60,"STRT_storm6_08_12_NO33","STRT","storm6","NO3"
"Interpolated HI for 62% discharge...531","11",0.764401772525847,62,"STRT_storm6_08_12_NO33","STRT","storm6","NO3"
"Interpolated HI for 64% discharge...532","11",0.764401772525847,64,"STRT_storm6_08_12_NO33","STRT","storm6","NO3"
"Interpolated HI for 66% discharge...533","11",0.834933530280659,66,"STRT_storm6_08_12_NO33","STRT","storm6","NO3"
"Interpolated HI for 68% discharge...534","11",0.800590841949725,68,"STRT_storm6_08_12_NO33","STRT","storm6","NO3"
"Interpolated HI for 70% discharge...535","11",0.820901033973353,70,"STRT_storm6_08_12_NO33","STRT","storm6","NO3"
"Interpolated HI for 72% discharge...536","11",0.705686853766633,72,"STRT_storm6_08_12_NO33","STRT","storm6","NO3"
"Interpolated HI for 74% discharge...537","11",0.717134416543563,74,"STRT_storm6_08_12_NO33","STRT","storm6","NO3"
"Interpolated HI for 76% discharge...538","11",0.717134416543563,76,"STRT_storm6_08_12_NO33","STRT","storm6","NO3"
"Interpolated HI for 78% discharge...539","11",0.776587887740013,78,"STRT_storm6_08_12_NO33","STRT","storm6","NO3"
"Interpolated HI for 80% discharge...540","11",0.698670605612979,80,"STRT_storm6_08_12_NO33","STRT","storm6","NO3"
"Interpolated HI for 82% discharge...541","11",0.698670605612979,82,"STRT_storm6_08_12_NO33","STRT","storm6","NO3"
"Interpolated HI for 84% discharge...542","11",0.729689807976345,84,"STRT_storm6_08_12_NO33","STRT","storm6","NO3"
"Interpolated HI for 86% discharge...543","11",0.597119645494802,86,"STRT_storm6_08_12_NO33","STRT","storm6","NO3"
"Interpolated HI for 88% discharge...544","11",0.597119645494802,88,"STRT_storm6_08_12_NO33","STRT","storm6","NO3"
"Interpolated HI for 90% discharge...545","11",0.628138847858166,90,"STRT_storm6_08_12_NO33","STRT","storm6","NO3"
"Interpolated HI for 92% discharge...546","11",0.645125553914325,92,"STRT_storm6_08_12_NO33","STRT","storm6","NO3"
"Interpolated HI for 94% discharge...547","11",0.645125553914325,94,"STRT_storm6_08_12_NO33","STRT","storm6","NO3"
"Interpolated HI for 96% discharge...548","11",0.606720827178735,96,"STRT_storm6_08_12_NO33","STRT","storm6","NO3"
"Interpolated HI for 98% discharge...549","11",0.467134416543587,98,"STRT_storm6_08_12_NO33","STRT","storm6","NO3"
"Interpolated HI for 100% discharge...550","11",0.467134416543587,100,"STRT_storm6_08_12_NO33","STRT","storm6","NO3"
"Interpolated HI for 2% discharge...551","12",0.378236678793071,2,"STRT_storm7a_08_20_NO3","STRT","storm7a","NO3"
"Interpolated HI for 4% discharge...552","12",0.378236678793071,4,"STRT_storm7a_08_20_NO3","STRT","storm7a","NO3"
"Interpolated HI for 6% discharge...553","12",0.378236678793071,6,"STRT_storm7a_08_20_NO3","STRT","storm7a","NO3"
"Interpolated HI for 8% discharge...554","12",0.378236678793071,8,"STRT_storm7a_08_20_NO3","STRT","storm7a","NO3"
"Interpolated HI for 10% discharge...555","12",0.378236678793071,10,"STRT_storm7a_08_20_NO3","STRT","storm7a","NO3"
"Interpolated HI for 12% discharge...556","12",0.378236678793071,12,"STRT_storm7a_08_20_NO3","STRT","storm7a","NO3"
"Interpolated HI for 14% discharge...557","12",0.378236678793071,14,"STRT_storm7a_08_20_NO3","STRT","storm7a","NO3"
"Interpolated HI for 16% discharge...558","12",0.378236678793071,16,"STRT_storm7a_08_20_NO3","STRT","storm7a","NO3"
"Interpolated HI for 18% discharge...559","12",0.378236678793071,18,"STRT_storm7a_08_20_NO3","STRT","storm7a","NO3"
"Interpolated HI for 20% discharge...560","12",0.378236678793071,20,"STRT_storm7a_08_20_NO3","STRT","storm7a","NO3"
"Interpolated HI for 22% discharge...561","12",0.378236678793071,22,"STRT_storm7a_08_20_NO3","STRT","storm7a","NO3"
"Interpolated HI for 24% discharge...562","12",0.378236678793071,24,"STRT_storm7a_08_20_NO3","STRT","storm7a","NO3"
"Interpolated HI for 26% discharge...563","12",0.356623154290612,26,"STRT_storm7a_08_20_NO3","STRT","storm7a","NO3"
"Interpolated HI for 28% discharge...564","12",0.870639845923407,28,"STRT_storm7a_08_20_NO3","STRT","storm7a","NO3"
"Interpolated HI for 30% discharge...565","12",0.896533276267934,30,"STRT_storm7a_08_20_NO3","STRT","storm7a","NO3"
"Interpolated HI for 32% discharge...566","12",0.928632570083468,32,"STRT_storm7a_08_20_NO3","STRT","storm7a","NO3"
"Interpolated HI for 34% discharge...567","12",0.928632570083468,34,"STRT_storm7a_08_20_NO3","STRT","storm7a","NO3"
"Interpolated HI for 36% discharge...568","12",0.928632570083468,36,"STRT_storm7a_08_20_NO3","STRT","storm7a","NO3"
"Interpolated HI for 38% discharge...569","12",0.902739139738942,38,"STRT_storm7a_08_20_NO3","STRT","storm7a","NO3"
"Interpolated HI for 40% discharge...570","12",0.9419002781939,40,"STRT_storm7a_08_20_NO3","STRT","storm7a","NO3"
"Interpolated HI for 42% discharge...571","12",0.942435266424156,42,"STRT_storm7a_08_20_NO3","STRT","storm7a","NO3"
"Interpolated HI for 44% discharge...572","12",0.942435266424156,44,"STRT_storm7a_08_20_NO3","STRT","storm7a","NO3"
"Interpolated HI for 46% discharge...573","12",0.934624438262368,46,"STRT_storm7a_08_20_NO3","STRT","storm7a","NO3"
"Interpolated HI for 48% discharge...574","12",0.934624438262368,48,"STRT_storm7a_08_20_NO3","STRT","storm7a","NO3"
"Interpolated HI for 50% discharge...575","12",0.924566659533509,50,"STRT_storm7a_08_20_NO3","STRT","storm7a","NO3"
"Interpolated HI for 52% discharge...576","12",0.93387545474002,52,"STRT_storm7a_08_20_NO3","STRT","storm7a","NO3"
"Interpolated HI for 54% discharge...577","12",0.93301947357159,54,"STRT_storm7a_08_20_NO3","STRT","storm7a","NO3"
"Interpolated HI for 56% discharge...578","12",0.920607746629587,56,"STRT_storm7a_08_20_NO3","STRT","storm7a","NO3"
"Interpolated HI for 58% discharge...579","12",0.841429488551283,58,"STRT_storm7a_08_20_NO3","STRT","storm7a","NO3"
"Interpolated HI for 60% discharge...580","12",0.888187459875905,60,"STRT_storm7a_08_20_NO3","STRT","storm7a","NO3"
"Interpolated HI for 62% discharge...581","12",0.75476139524931,62,"STRT_storm7a_08_20_NO3","STRT","storm7a","NO3"
"Interpolated HI for 64% discharge...582","12",0.749304515300664,64,"STRT_storm7a_08_20_NO3","STRT","storm7a","NO3"
"Interpolated HI for 66% discharge...583","12",0.703295527498405,66,"STRT_storm7a_08_20_NO3","STRT","storm7a","NO3"
"Interpolated HI for 68% discharge...584","12",0.686924887652483,68,"STRT_storm7a_08_20_NO3","STRT","storm7a","NO3"
"Interpolated HI for 70% discharge...585","12",0.528354376203723,70,"STRT_storm7a_08_20_NO3","STRT","storm7a","NO3"
"Interpolated HI for 72% discharge...586","12",0.351915257864344,72,"STRT_storm7a_08_20_NO3","STRT","storm7a","NO3"
"Interpolated HI for 74% discharge...587","12",0.425208645409802,74,"STRT_storm7a_08_20_NO3","STRT","storm7a","NO3"
"Interpolated HI for 76% discharge...588","12",0.359512090734023,76,"STRT_storm7a_08_20_NO3","STRT","storm7a","NO3"
"Interpolated HI for 78% discharge...589","12",0.210143376845706,78,"STRT_storm7a_08_20_NO3","STRT","storm7a","NO3"
"Interpolated HI for 80% discharge...590","12",0.210143376845706,80,"STRT_storm7a_08_20_NO3","STRT","storm7a","NO3"
"Interpolated HI for 82% discharge...591","12",0.194307725230054,82,"STRT_storm7a_08_20_NO3","STRT","storm7a","NO3"
"Interpolated HI for 84% discharge...592","12",0.171089236036816,84,"STRT_storm7a_08_20_NO3","STRT","storm7a","NO3"
"Interpolated HI for 86% discharge...593","12",0.171089236036816,86,"STRT_storm7a_08_20_NO3","STRT","storm7a","NO3"
"Interpolated HI for 88% discharge...594","12",0.171089236036816,88,"STRT_storm7a_08_20_NO3","STRT","storm7a","NO3"
"Interpolated HI for 90% discharge...595","12",0.171089236036816,90,"STRT_storm7a_08_20_NO3","STRT","storm7a","NO3"
"Interpolated HI for 92% discharge...596","12",0.518296597474862,92,"STRT_storm7a_08_20_NO3","STRT","storm7a","NO3"
"Interpolated HI for 94% discharge...597","12",0.472180612026548,94,"STRT_storm7a_08_20_NO3","STRT","storm7a","NO3"
"Interpolated HI for 96% discharge...598","12",0.472180612026548,96,"STRT_storm7a_08_20_NO3","STRT","storm7a","NO3"
"Interpolated HI for 98% discharge...599","12",0.472180612026548,98,"STRT_storm7a_08_20_NO3","STRT","storm7a","NO3"
"Interpolated HI for 100% discharge...600","12",0.472180612026548,100,"STRT_storm7a_08_20_NO3","STRT","storm7a","NO3"
"Interpolated HI for 2% discharge...601","13",-0.453399765533419,2,"STRT_storm7b_08_21_NO3","STRT","storm7b","NO3"
"Interpolated HI for 4% discharge...602","13",-0.430539273153616,4,"STRT_storm7b_08_21_NO3","STRT","storm7b","NO3"
"Interpolated HI for 6% discharge...603","13",-0.941383352872228,6,"STRT_storm7b_08_21_NO3","STRT","storm7b","NO3"
"Interpolated HI for 8% discharge...604","13",-0.859613130129011,8,"STRT_storm7b_08_21_NO3","STRT","storm7b","NO3"
"Interpolated HI for 10% discharge...605","13",-0.859613130129011,10,"STRT_storm7b_08_21_NO3","STRT","storm7b","NO3"
"Interpolated HI for 12% discharge...606","13",-0.851113716295476,12,"STRT_storm7b_08_21_NO3","STRT","storm7b","NO3"
"Interpolated HI for 14% discharge...607","13",-0.849648300117256,14,"STRT_storm7b_08_21_NO3","STRT","storm7b","NO3"
"Interpolated HI for 16% discharge...608","13",-0.810082063306026,16,"STRT_storm7b_08_21_NO3","STRT","storm7b","NO3"
"Interpolated HI for 18% discharge...609","13",-0.810082063306026,18,"STRT_storm7b_08_21_NO3","STRT","storm7b","NO3"
"Interpolated HI for 20% discharge...610","13",-0.807737397420909,20,"STRT_storm7b_08_21_NO3","STRT","storm7b","NO3"
"Interpolated HI for 22% discharge...611","13",-0.816529894490089,22,"STRT_storm7b_08_21_NO3","STRT","storm7b","NO3"
"Interpolated HI for 24% discharge...612","13",-0.816529894490089,24,"STRT_storm7b_08_21_NO3","STRT","storm7b","NO3"
"Interpolated HI for 26% discharge...613","13",-0.774325908558099,26,"STRT_storm7b_08_21_NO3","STRT","storm7b","NO3"
"Interpolated HI for 28% discharge...614","13",-0.774325908558099,28,"STRT_storm7b_08_21_NO3","STRT","storm7b","NO3"
"Interpolated HI for 30% discharge...615","13",-0.793669402110246,30,"STRT_storm7b_08_21_NO3","STRT","storm7b","NO3"
"Interpolated HI for 32% discharge...616","13",-0.769050410316577,32,"STRT_storm7b_08_21_NO3","STRT","storm7b","NO3"
"Interpolated HI for 34% discharge...617","13",-0.769050410316577,34,"STRT_storm7b_08_21_NO3","STRT","storm7b","NO3"
"Interpolated HI for 36% discharge...618","13",-0.728604923798418,36,"STRT_storm7b_08_21_NO3","STRT","storm7b","NO3"
"Interpolated HI for 38% discharge...619","13",-0.728604923798418,38,"STRT_storm7b_08_21_NO3","STRT","storm7b","NO3"
"Interpolated HI for 40% discharge...620","13",-0.755861664712848,40,"STRT_storm7b_08_21_NO3","STRT","storm7b","NO3"
"Interpolated HI for 42% discharge...621","13",-0.734759671746836,42,"STRT_storm7b_08_21_NO3","STRT","storm7b","NO3"
"Interpolated HI for 44% discharge...622","13",-0.685521688159496,44,"STRT_storm7b_08_21_NO3","STRT","storm7b","NO3"
"Interpolated HI for 46% discharge...623","13",-0.663833528722192,46,"STRT_storm7b_08_21_NO3","STRT","storm7b","NO3"
"Interpolated HI for 48% discharge...624","13",-0.641852286049282,48,"STRT_storm7b_08_21_NO3","STRT","storm7b","NO3"
"Interpolated HI for 50% discharge...625","13",-0.58558030480663,50,"STRT_storm7b_08_21_NO3","STRT","storm7b","NO3"
"Interpolated HI for 52% discharge...626","13",-0.554220398593215,52,"STRT_storm7b_08_21_NO3","STRT","storm7b","NO3"
"Interpolated HI for 54% discharge...627","13",-0.497948417350564,54,"STRT_storm7b_08_21_NO3","STRT","storm7b","NO3"
"Interpolated HI for 56% discharge...628","13",-0.556858147714014,56,"STRT_storm7b_08_21_NO3","STRT","storm7b","NO3"
"Interpolated HI for 58% discharge...629","13",-0.394783118405649,58,"STRT_storm7b_08_21_NO3","STRT","storm7b","NO3"
"Interpolated HI for 60% discharge...630","13",-0.232415005861681,60,"STRT_storm7b_08_21_NO3","STRT","storm7b","NO3"
"Interpolated HI for 62% discharge...631","13",-0.397420867526372,62,"STRT_storm7b_08_21_NO3","STRT","storm7b","NO3"
"Interpolated HI for 64% discharge...632","13",-0.0466002344665779,64,"STRT_storm7b_08_21_NO3","STRT","storm7b","NO3"
"Interpolated HI for 66% discharge...633","13",-0.00322391559201277,66,"STRT_storm7b_08_21_NO3","STRT","storm7b","NO3"
"Interpolated HI for 68% discharge...634","13",-0.00322391559201277,68,"STRT_storm7b_08_21_NO3","STRT","storm7b","NO3"
"Interpolated HI for 70% discharge...635","13",0.0155334114888831,70,"STRT_storm7b_08_21_NO3","STRT","storm7b","NO3"
"Interpolated HI for 72% discharge...636","13",-0.158264947245026,72,"STRT_storm7b_08_21_NO3","STRT","storm7b","NO3"
"Interpolated HI for 74% discharge...637","13",-0.150058616647097,74,"STRT_storm7b_08_21_NO3","STRT","storm7b","NO3"
"Interpolated HI for 76% discharge...638","13",-0.0685814771394909,76,"STRT_storm7b_08_21_NO3","STRT","storm7b","NO3"
"Interpolated HI for 78% discharge...639","13",-0.148886283704561,78,"STRT_storm7b_08_21_NO3","STRT","storm7b","NO3"
"Interpolated HI for 80% discharge...640","13",-0.0234466588510965,80,"STRT_storm7b_08_21_NO3","STRT","storm7b","NO3"
"Interpolated HI for 82% discharge...641","13",-0.0797186400937857,82,"STRT_storm7b_08_21_NO3","STRT","storm7b","NO3"
"Interpolated HI for 84% discharge...642","13",-0.0597889800703505,84,"STRT_storm7b_08_21_NO3","STRT","storm7b","NO3"
"Interpolated HI for 86% discharge...643","13",0.0149472450175946,86,"STRT_storm7b_08_21_NO3","STRT","storm7b","NO3"
"Interpolated HI for 88% discharge...644","13",0.0149472450175946,88,"STRT_storm7b_08_21_NO3","STRT","storm7b","NO3"
"Interpolated HI for 90% discharge...645","13",0.0149472450175946,90,"STRT_storm7b_08_21_NO3","STRT","storm7b","NO3"
"Interpolated HI for 92% discharge...646","13",0.0149472450175946,92,"STRT_storm7b_08_21_NO3","STRT","storm7b","NO3"
"Interpolated HI for 94% discharge...647","13",0.0149472450175946,94,"STRT_storm7b_08_21_NO3","STRT","storm7b","NO3"
"Interpolated HI for 96% discharge...648","13",0.0149472450175946,96,"STRT_storm7b_08_21_NO3","STRT","storm7b","NO3"
"Interpolated HI for 98% discharge...649","13",0.0149472450175946,98,"STRT_storm7b_08_21_NO3","STRT","storm7b","NO3"
"Interpolated HI for 100% discharge...650","13",0.0149472450175946,100,"STRT_storm7b_08_21_NO3","STRT","storm7b","NO3"
"Interpolated HI for 2% discharge...651","14",0.117277200656068,2,"STRT_storm8_08_28_NO3","STRT","storm8","NO3"
"Interpolated HI for 4% discharge...652","14",0.103061782394745,4,"STRT_storm8_08_28_NO3","STRT","storm8","NO3"
"Interpolated HI for 6% discharge...653","14",0.588572990705276,6,"STRT_storm8_08_28_NO3","STRT","storm8","NO3"
"Interpolated HI for 8% discharge...654","14",0.588572990705276,8,"STRT_storm8_08_28_NO3","STRT","storm8","NO3"
"Interpolated HI for 10% discharge...655","14",0.588572990705276,10,"STRT_storm8_08_28_NO3","STRT","storm8","NO3"
"Interpolated HI for 12% discharge...656","14",0.588572990705276,12,"STRT_storm8_08_28_NO3","STRT","storm8","NO3"
"Interpolated HI for 14% discharge...657","14",0.586659376708556,14,"STRT_storm8_08_28_NO3","STRT","storm8","NO3"
"Interpolated HI for 16% discharge...658","14",0.223892837616179,16,"STRT_storm8_08_28_NO3","STRT","storm8","NO3"
"Interpolated HI for 18% discharge...659","14",0.196828868233962,18,"STRT_storm8_08_28_NO3","STRT","storm8","NO3"
"Interpolated HI for 20% discharge...660","14",0.205030071077092,20,"STRT_storm8_08_28_NO3","STRT","storm8","NO3"
"Interpolated HI for 22% discharge...661","14",0.229633679606336,22,"STRT_storm8_08_28_NO3","STRT","storm8","NO3"
"Interpolated HI for 24% discharge...662","14",0.229633679606336,24,"STRT_storm8_08_28_NO3","STRT","storm8","NO3"
"Interpolated HI for 26% discharge...663","14",0.233460907599776,26,"STRT_storm8_08_28_NO3","STRT","storm8","NO3"
"Interpolated HI for 28% discharge...664","14",0.233460907599776,28,"STRT_storm8_08_28_NO3","STRT","storm8","NO3"
"Interpolated HI for 30% discharge...665","14",0.230453799890661,30,"STRT_storm8_08_28_NO3","STRT","storm8","NO3"
"Interpolated HI for 32% discharge...666","14",0.2247129579005,32,"STRT_storm8_08_28_NO3","STRT","storm8","NO3"
"Interpolated HI for 34% discharge...667","14",0.265992345544006,34,"STRT_storm8_08_28_NO3","STRT","storm8","NO3"
"Interpolated HI for 36% discharge...668","14",0.252050300710755,36,"STRT_storm8_08_28_NO3","STRT","storm8","NO3"
"Interpolated HI for 38% discharge...669","14",0.251503553854537,38,"STRT_storm8_08_28_NO3","STRT","storm8","NO3"
"Interpolated HI for 40% discharge...670","14",0.343630399125218,40,"STRT_storm8_08_28_NO3","STRT","storm8","NO3"
"Interpolated HI for 42% discharge...671","14",0.316839803171107,42,"STRT_storm8_08_28_NO3","STRT","storm8","NO3"
"Interpolated HI for 44% discharge...672","14",0.377528704209952,44,"STRT_storm8_08_28_NO3","STRT","storm8","NO3"
"Interpolated HI for 46% discharge...673","14",0.429196282121377,46,"STRT_storm8_08_28_NO3","STRT","storm8","NO3"
"Interpolated HI for 48% discharge...674","14",0.459267359212673,48,"STRT_storm8_08_28_NO3","STRT","storm8","NO3"
"Interpolated HI for 50% discharge...675","14",0.591306724986316,50,"STRT_storm8_08_28_NO3","STRT","storm8","NO3"
"Interpolated HI for 52% discharge...676","14",0.525970475669748,52,"STRT_storm8_08_28_NO3","STRT","storm8","NO3"
"Interpolated HI for 54% discharge...677","14",0.784581738654985,54,"STRT_storm8_08_28_NO3","STRT","storm8","NO3"
"Interpolated HI for 56% discharge...678","14",0.7561509021323,56,"STRT_storm8_08_28_NO3","STRT","storm8","NO3"
"Interpolated HI for 58% discharge...679","14",0.786768726079811,58,"STRT_storm8_08_28_NO3","STRT","storm8","NO3"
"Interpolated HI for 60% discharge...680","14",0.760798250410026,60,"STRT_storm8_08_28_NO3","STRT","storm8","NO3"
"Interpolated HI for 62% discharge...681","14",0.766539092400185,62,"STRT_storm8_08_28_NO3","STRT","storm8","NO3"
"Interpolated HI for 64% discharge...682","14",0.74494259158009,64,"STRT_storm8_08_28_NO3","STRT","storm8","NO3"
"Interpolated HI for 66% discharge...683","14",0.734007654455991,66,"STRT_storm8_08_28_NO3","STRT","storm8","NO3"
"Interpolated HI for 68% discharge...684","14",0.677692728266767,68,"STRT_storm8_08_28_NO3","STRT","storm8","NO3"
"Interpolated HI for 70% discharge...685","14",0.721432476763206,70,"STRT_storm8_08_28_NO3","STRT","storm8","NO3"
"Interpolated HI for 72% discharge...686","14",0.645708037178751,72,"STRT_storm8_08_28_NO3","STRT","storm8","NO3"
"Interpolated HI for 74% discharge...687","14",0.650082012028407,74,"STRT_storm8_08_28_NO3","STRT","storm8","NO3"
"Interpolated HI for 76% discharge...688","14",0.497266265718953,76,"STRT_storm8_08_28_NO3","STRT","storm8","NO3"
"Interpolated HI for 78% discharge...689","14",0.554401312192434,78,"STRT_storm8_08_28_NO3","STRT","storm8","NO3"
"Interpolated HI for 80% discharge...690","14",0.518589393110939,80,"STRT_storm8_08_28_NO3","STRT","storm8","NO3"
"Interpolated HI for 82% discharge...691","14",0.476489885183112,82,"STRT_storm8_08_28_NO3","STRT","storm8","NO3"
"Interpolated HI for 84% discharge...692","14",0.402405686167304,84,"STRT_storm8_08_28_NO3","STRT","storm8","NO3"
"Interpolated HI for 86% discharge...693","14",0.381902679059569,86,"STRT_storm8_08_28_NO3","STRT","storm8","NO3"
"Interpolated HI for 88% discharge...694","14",0.483870967741955,88,"STRT_storm8_08_28_NO3","STRT","storm8","NO3"
"Interpolated HI for 90% discharge...695","14",0.357299070530326,90,"STRT_storm8_08_28_NO3","STRT","storm8","NO3"
"Interpolated HI for 92% discharge...696","14",0.329141607435748,92,"STRT_storm8_08_28_NO3","STRT","storm8","NO3"
"Interpolated HI for 94% discharge...697","14",0.335429196282123,94,"STRT_storm8_08_28_NO3","STRT","storm8","NO3"
"Interpolated HI for 96% discharge...698","14",0.364406779660985,96,"STRT_storm8_08_28_NO3","STRT","storm8","NO3"
"Interpolated HI for 98% discharge...699","14",0.364406779660985,98,"STRT_storm8_08_28_NO3","STRT","storm8","NO3"
"Interpolated HI for 100% discharge...700","14",0.490978676872581,100,"STRT_storm8_08_28_NO3","STRT","storm8","NO3"
"Interpolated HI for 2% discharge...701","15",0.071658399249227,2,"STRT_storm9a_09_03_NO3","STRT","storm9a","NO3"
"Interpolated HI for 4% discharge...702","15",0.54290119318944,4,"STRT_storm9a_09_03_NO3","STRT","storm9a","NO3"
"Interpolated HI for 6% discharge...703","15",0.529628636546456,6,"STRT_storm9a_09_03_NO3","STRT","storm9a","NO3"
"Interpolated HI for 8% discharge...704","15",0.524869285427001,8,"STRT_storm9a_09_03_NO3","STRT","storm9a","NO3"
"Interpolated HI for 10% discharge...705","15",0.528220941144927,10,"STRT_storm9a_09_03_NO3","STRT","storm9a","NO3"
"Interpolated HI for 12% discharge...706","15",0.56823971041695,12,"STRT_storm9a_09_03_NO3","STRT","storm9a","NO3"
"Interpolated HI for 14% discharge...707","15",0.56823971041695,14,"STRT_storm9a_09_03_NO3","STRT","storm9a","NO3"
"Interpolated HI for 16% discharge...708","15",0.559190239978551,16,"STRT_storm9a_09_03_NO3","STRT","storm9a","NO3"
"Interpolated HI for 18% discharge...709","15",0.553693524601157,18,"STRT_storm9a_09_03_NO3","STRT","storm9a","NO3"
"Interpolated HI for 20% discharge...710","15",0.547191312508384,20,"STRT_storm9a_09_03_NO3","STRT","storm9a","NO3"
"Interpolated HI for 22% discharge...711","15",0.549671537739642,22,"STRT_storm9a_09_03_NO3","STRT","storm9a","NO3"
"Interpolated HI for 24% discharge...712","15",0.537203378468967,24,"STRT_storm9a_09_03_NO3","STRT","storm9a","NO3"
"Interpolated HI for 26% discharge...713","15",0.537203378468967,26,"STRT_storm9a_09_03_NO3","STRT","storm9a","NO3"
"Interpolated HI for 28% discharge...714","15",0.52553961657059,28,"STRT_storm9a_09_03_NO3","STRT","storm9a","NO3"
"Interpolated HI for 30% discharge...715","15",0.521718729052155,30,"STRT_storm9a_09_03_NO3","STRT","storm9a","NO3"
"Interpolated HI for 32% discharge...716","15",0.513540689100414,32,"STRT_storm9a_09_03_NO3","STRT","storm9a","NO3"
"Interpolated HI for 34% discharge...717","15",0.506100013406623,34,"STRT_storm9a_09_03_NO3","STRT","storm9a","NO3"
"Interpolated HI for 36% discharge...718","15",0.144523394556912,36,"STRT_storm9a_09_03_NO3","STRT","storm9a","NO3"
"Interpolated HI for 38% discharge...719","15",0.184341064485856,38,"STRT_storm9a_09_03_NO3","STRT","storm9a","NO3"
"Interpolated HI for 40% discharge...720","15",0.225298297358898,40,"STRT_storm9a_09_03_NO3","STRT","storm9a","NO3"
"Interpolated HI for 42% discharge...721","15",0.277852259015957,42,"STRT_storm9a_09_03_NO3","STRT","storm9a","NO3"
"Interpolated HI for 44% discharge...722","15",0.287706126826656,44,"STRT_storm9a_09_03_NO3","STRT","storm9a","NO3"
"Interpolated HI for 46% discharge...723","15",0.315323769942345,46,"STRT_storm9a_09_03_NO3","STRT","storm9a","NO3"
"Interpolated HI for 48% discharge...724","15",0.430553693524601,48,"STRT_storm9a_09_03_NO3","STRT","storm9a","NO3"
"Interpolated HI for 50% discharge...725","15",0.54350449121866,50,"STRT_storm9a_09_03_NO3","STRT","storm9a","NO3"
"Interpolated HI for 52% discharge...726","15",0.549470438396563,52,"STRT_storm9a_09_03_NO3","STRT","storm9a","NO3"
"Interpolated HI for 54% discharge...727","15",0.504223086204594,54,"STRT_storm9a_09_03_NO3","STRT","storm9a","NO3"
"Interpolated HI for 56% discharge...728","15",0.635675023461592,56,"STRT_storm9a_09_03_NO3","STRT","storm9a","NO3"
"Interpolated HI for 58% discharge...729","15",0.66329266657729,58,"STRT_storm9a_09_03_NO3","STRT","storm9a","NO3"
"Interpolated HI for 60% discharge...730","15",0.656522322027088,60,"STRT_storm9a_09_03_NO3","STRT","storm9a","NO3"
"Interpolated HI for 62% discharge...731","15",0.702708137820084,62,"STRT_storm9a_09_03_NO3","STRT","storm9a","NO3"
"Interpolated HI for 64% discharge...732","15",0.681525673682809,64,"STRT_storm9a_09_03_NO3","STRT","storm9a","NO3"
"Interpolated HI for 66% discharge...733","15",0.743799436921846,66,"STRT_storm9a_09_03_NO3","STRT","storm9a","NO3"
"Interpolated HI for 68% discharge...734","15",0.724560933100958,68,"STRT_storm9a_09_03_NO3","STRT","storm9a","NO3"
"Interpolated HI for 70% discharge...735","15",0.719466416409714,70,"STRT_storm9a_09_03_NO3","STRT","storm9a","NO3"
"Interpolated HI for 72% discharge...736","15",0.673347633731068,72,"STRT_storm9a_09_03_NO3","STRT","storm9a","NO3"
"Interpolated HI for 74% discharge...737","15",0.575077088081513,74,"STRT_storm9a_09_03_NO3","STRT","storm9a","NO3"
"Interpolated HI for 76% discharge...738","15",0.651762970907633,76,"STRT_storm9a_09_03_NO3","STRT","storm9a","NO3"
"Interpolated HI for 78% discharge...739","15",0.599611207936724,78,"STRT_storm9a_09_03_NO3","STRT","storm9a","NO3"
"Interpolated HI for 80% discharge...740","15",0.624480493363725,80,"STRT_storm9a_09_03_NO3","STRT","storm9a","NO3"
"Interpolated HI for 82% discharge...741","15",0.587143048666048,82,"STRT_storm9a_09_03_NO3","STRT","storm9a","NO3"
"Interpolated HI for 84% discharge...742","15",0.570518836305138,84,"STRT_storm9a_09_03_NO3","STRT","storm9a","NO3"
"Interpolated HI for 86% discharge...743","15",0.550945166912451,86,"STRT_storm9a_09_03_NO3","STRT","storm9a","NO3"
"Interpolated HI for 88% discharge...744","15",0.538812173213566,88,"STRT_storm9a_09_03_NO3","STRT","storm9a","NO3"
"Interpolated HI for 90% discharge...745","15",0.53438798766591,90,"STRT_storm9a_09_03_NO3","STRT","storm9a","NO3"
"Interpolated HI for 92% discharge...746","15",0.522053894623944,92,"STRT_storm9a_09_03_NO3","STRT","storm9a","NO3"
"Interpolated HI for 94% discharge...747","15",0.512602225499395,94,"STRT_storm9a_09_03_NO3","STRT","storm9a","NO3"
"Interpolated HI for 96% discharge...748","15",0.453009786834704,96,"STRT_storm9a_09_03_NO3","STRT","storm9a","NO3"
"Interpolated HI for 98% discharge...749","15",0.428475666979483,98,"STRT_storm9a_09_03_NO3","STRT","storm9a","NO3"
"Interpolated HI for 100% discharge...750","15",0.364861241453286,100,"STRT_storm9a_09_03_NO3","STRT","storm9a","NO3"
"Interpolated HI for 2% discharge...751","16",-0.223298284449364,2,"STRT_storm9c_09_09_NO3","STRT","storm9c","NO3"
"Interpolated HI for 4% discharge...752","16",-0.22519566764171,4,"STRT_storm9c_09_09_NO3","STRT","storm9c","NO3"
"Interpolated HI for 6% discharge...753","16",0.0453395525337963,6,"STRT_storm9c_09_09_NO3","STRT","storm9c","NO3"
"Interpolated HI for 8% discharge...754","16",0.0483437425883506,8,"STRT_storm9c_09_09_NO3","STRT","storm9c","NO3"
"Interpolated HI for 10% discharge...755","16",-0.440746304055656,10,"STRT_storm9c_09_09_NO3","STRT","storm9c","NO3"
"Interpolated HI for 12% discharge...756","16",-0.382362242074477,12,"STRT_storm9c_09_09_NO3","STRT","storm9c","NO3"
"Interpolated HI for 14% discharge...757","16",-0.330935251798566,14,"STRT_storm9c_09_09_NO3","STRT","storm9c","NO3"
"Interpolated HI for 16% discharge...758","16",-0.300695707170531,16,"STRT_storm9c_09_09_NO3","STRT","storm9c","NO3"
"Interpolated HI for 18% discharge...759","16",-0.270456162542501,18,"STRT_storm9c_09_09_NO3","STRT","storm9c","NO3"
"Interpolated HI for 20% discharge...760","16",-0.27065380662503,20,"STRT_storm9c_09_09_NO3","STRT","storm9c","NO3"
"Interpolated HI for 22% discharge...761","16",-0.250059293224765,22,"STRT_storm9c_09_09_NO3","STRT","storm9c","NO3"
"Interpolated HI for 24% discharge...762","16",-0.224484148944582,24,"STRT_storm9c_09_09_NO3","STRT","storm9c","NO3"
"Interpolated HI for 26% discharge...763","16",-0.227053522017554,26,"STRT_storm9c_09_09_NO3","STRT","storm9c","NO3"
"Interpolated HI for 28% discharge...764","16",-0.1956281128943,28,"STRT_storm9c_09_09_NO3","STRT","storm9c","NO3"
"Interpolated HI for 30% discharge...765","16",-0.193493556802911,30,"STRT_storm9c_09_09_NO3","STRT","storm9c","NO3"
"Interpolated HI for 32% discharge...766","16",-0.159775476322241,32,"STRT_storm9c_09_09_NO3","STRT","storm9c","NO3"
"Interpolated HI for 34% discharge...767","16",-0.162068147679662,34,"STRT_storm9c_09_09_NO3","STRT","storm9c","NO3"
"Interpolated HI for 36% discharge...768","16",-0.107755553798721,36,"STRT_storm9c_09_09_NO3","STRT","storm9c","NO3"
"Interpolated HI for 38% discharge...769","16",-0.0746304055656556,38,"STRT_storm9c_09_09_NO3","STRT","storm9c","NO3"
"Interpolated HI for 40% discharge...770","16",-0.0402798640208687,40,"STRT_storm9c_09_09_NO3","STRT","storm9c","NO3"
"Interpolated HI for 42% discharge...771","16",-0.0141513163095903,42,"STRT_storm9c_09_09_NO3","STRT","storm9c","NO3"
"Interpolated HI for 44% discharge...772","16",0.0347853585263641,44,"STRT_storm9c_09_09_NO3","STRT","storm9c","NO3"
"Interpolated HI for 46% discharge...773","16",0.0889793659577812,46,"STRT_storm9c_09_09_NO3","STRT","storm9c","NO3"
"Interpolated HI for 48% discharge...774","16",0.121353466677206,48,"STRT_storm9c_09_09_NO3","STRT","storm9c","NO3"
"Interpolated HI for 50% discharge...775","16",0.108427543679342,50,"STRT_storm9c_09_09_NO3","STRT","storm9c","NO3"
"Interpolated HI for 52% discharge...776","16",0.149142224681793,52,"STRT_storm9c_09_09_NO3","STRT","storm9c","NO3"
"Interpolated HI for 54% discharge...777","16",0.175547474108622,54,"STRT_storm9c_09_09_NO3","STRT","storm9c","NO3"
"Interpolated HI for 56% discharge...778","16",0.201399320104355,56,"STRT_storm9c_09_09_NO3","STRT","storm9c","NO3"
"Interpolated HI for 58% discharge...779","16",0.228239386512767,58,"STRT_storm9c_09_09_NO3","STRT","storm9c","NO3"
"Interpolated HI for 60% discharge...780","16",0.266424223258755,60,"STRT_storm9c_09_09_NO3","STRT","storm9c","NO3"
"Interpolated HI for 62% discharge...781","16",0.278243339394417,62,"STRT_storm9c_09_09_NO3","STRT","storm9c","NO3"
"Interpolated HI for 64% discharge...782","16",0.284647007668588,64,"STRT_storm9c_09_09_NO3","STRT","storm9c","NO3"
"Interpolated HI for 66% discharge...783","16",0.31939283737845,66,"STRT_storm9c_09_09_NO3","STRT","storm9c","NO3"
"Interpolated HI for 68% discharge...784","16",0.322199383350459,68,"STRT_storm9c_09_09_NO3","STRT","storm9c","NO3"
"Interpolated HI for 70% discharge...785","16",0.33548106569689,70,"STRT_storm9c_09_09_NO3","STRT","storm9c","NO3"
"Interpolated HI for 72% discharge...786","16",0.343307771365324,72,"STRT_storm9c_09_09_NO3","STRT","storm9c","NO3"
"Interpolated HI for 74% discharge...787","16",0.351253063483276,74,"STRT_storm9c_09_09_NO3","STRT","storm9c","NO3"
"Interpolated HI for 76% discharge...788","16",0.351094948217244,76,"STRT_storm9c_09_09_NO3","STRT","storm9c","NO3"
"Interpolated HI for 78% discharge...789","16",0.386236066092175,78,"STRT_storm9c_09_09_NO3","STRT","storm9c","NO3"
"Interpolated HI for 80% discharge...790","16",0.409834769546995,80,"STRT_storm9c_09_09_NO3","STRT","storm9c","NO3"
"Interpolated HI for 82% discharge...791","16",0.402324294410625,82,"STRT_storm9c_09_09_NO3","STRT","storm9c","NO3"
"Interpolated HI for 84% discharge...792","16",0.397936595778318,84,"STRT_storm9c_09_09_NO3","STRT","storm9c","NO3"
"Interpolated HI for 86% discharge...793","16",0.39702743299865,86,"STRT_storm9c_09_09_NO3","STRT","storm9c","NO3"
"Interpolated HI for 88% discharge...794","16",0.385722191477582,88,"STRT_storm9c_09_09_NO3","STRT","storm9c","NO3"
"Interpolated HI for 90% discharge...795","16",0.383706221835717,90,"STRT_storm9c_09_09_NO3","STRT","storm9c","NO3"
"Interpolated HI for 92% discharge...796","16",0.365167206893824,92,"STRT_storm9c_09_09_NO3","STRT","storm9c","NO3"
"Interpolated HI for 94% discharge...797","16",0.29705905605186,94,"STRT_storm9c_09_09_NO3","STRT","storm9c","NO3"
"Interpolated HI for 96% discharge...798","16",0.272906949165938,96,"STRT_storm9c_09_09_NO3","STRT","storm9c","NO3"
"Interpolated HI for 98% discharge...799","16",0.219226816349115,98,"STRT_storm9c_09_09_NO3","STRT","storm9c","NO3"
"Interpolated HI for 100% discharge...800","16",0.285595699264765,100,"STRT_storm9c_09_09_NO3","STRT","storm9c","NO3"
